Datetime,open,high,low,close,Volume
2024-07-29 15:00:00,22243.0,22289.0,22237.0,22289.0,1000
2024-07-29 15:01:00,22260.0,22285.0,22248.0,22248.0,322
2024-07-29 15:02:00,22248.0,22276.0,22246.0,22247.0,188
2024-07-29 15:03:00,22247.0,22276.0,22247.0,22252.0,214
2024-07-29 15:04:00,22251.0,22370.0,22245.0,22246.0,192
2024-07-29 15:05:00,22245.0,22365.0,22235.0,22240.0,408
2024-07-29 15:06:00,22240.0,22242.0,22234.0,22242.0,270
2024-07-29 15:07:00,22244.0,22270.0,22244.0,22255.0,182
2024-07-29 15:08:00,22253.0,22278.0,22250.0,22254.0,86
2024-07-29 15:09:00,22253.0,22352.0,22249.0,22250.0,216
2024-07-29 15:10:00,22251.0,22341.0,22243.0,22245.0,122
2024-07-29 15:11:00,22244.0,22268.0,22236.0,22242.0,166
2024-07-29 15:12:00,22242.0,22242.0,22236.0,22237.0,66
2024-07-29 15:13:00,22240.0,22243.0,22237.0,22240.0,46
2024-07-29 15:14:00,22241.0,22245.0,22237.0,22240.0,110
2024-07-29 15:15:00,22240.0,22244.0,22235.0,22240.0,112
2024-07-29 15:16:00,22241.0,22268.0,22239.0,22239.0,86
2024-07-29 15:17:00,22239.0,22261.0,22223.0,22224.0,300
2024-07-29 15:18:00,22223.0,22226.0,22219.0,22225.0,310
2024-07-29 15:19:00,22226.0,22227.0,22221.0,22221.0,122
2024-07-29 15:20:00,22221.0,22242.0,22214.0,22220.0,238
2024-07-29 15:21:00,22221.0,22228.0,22220.0,22228.0,100
2024-07-29 15:22:00,22227.0,22259.0,22227.0,22234.0,106
2024-07-29 15:23:00,22231.0,22233.0,22227.0,22227.0,46
2024-07-29 15:24:00,22226.0,22235.0,22226.0,22234.0,100
2024-07-29 15:25:00,22234.0,22263.0,22231.0,22234.0,92
2024-07-29 15:26:00,22237.0,22246.0,22236.0,22246.0,170
2024-07-29 15:27:00,22243.0,22245.0,22238.0,22240.0,54
2024-07-29 15:28:00,22240.0,22265.0,22234.0,22240.0,72
2024-07-29 15:29:00,22241.0,22241.0,22233.0,22233.0,40
2024-07-29 15:30:00,22234.0,22234.0,22229.0,22230.0,88
2024-07-29 15:31:00,22233.0,22253.0,22223.0,22225.0,138
2024-07-29 15:32:00,22227.0,22236.0,22227.0,22235.0,78
2024-07-29 15:33:00,22237.0,22269.0,22237.0,22239.0,112
2024-07-29 15:34:00,22237.0,22237.0,22231.0,22236.0,44
2024-07-29 15:35:00,22239.0,22239.0,22226.0,22228.0,112
2024-07-29 15:36:00,22227.0,22251.0,22218.0,22222.0,172
2024-07-29 15:37:00,22223.0,22240.0,22208.0,22217.0,396
2024-07-29 15:38:00,22217.0,22221.0,22216.0,22221.0,112
2024-07-29 15:39:00,22222.0,22228.0,22222.0,22226.0,144
2024-07-29 15:40:00,22227.0,22256.0,22227.0,22230.0,84
2024-07-29 15:41:00,22230.0,22230.0,22210.0,22210.0,170
2024-07-29 15:42:00,22214.0,22214.0,22210.0,22210.0,122
2024-07-29 15:43:00,22211.0,22212.0,22208.0,22208.0,214
2024-07-29 15:44:00,22207.0,22241.0,22205.0,22213.0,230
2024-07-29 15:45:00,22216.0,22219.0,22213.0,22217.0,158
2024-07-29 15:46:00,22216.0,22238.0,22207.0,22207.0,186
2024-07-29 15:47:00,22207.0,22210.0,22205.0,22208.0,138
2024-07-29 15:48:00,22208.0,22241.0,22208.0,22211.0,92
2024-07-29 15:49:00,22212.0,22214.0,22207.0,22207.0,78
2024-07-29 15:50:00,22209.0,22230.0,22205.0,22205.0,110
2024-07-29 15:51:00,22204.0,22395.0,22181.0,22196.0,656
2024-07-29 15:52:00,22194.0,22224.0,22192.0,22200.0,174
2024-07-29 15:53:00,22198.0,22202.0,22193.0,22194.0,150
2024-07-29 15:54:00,22195.0,22198.0,22195.0,22197.0,16
2024-07-29 15:55:00,22197.0,22201.0,22189.0,22198.0,160
2024-07-29 15:56:00,22198.0,22199.0,22191.0,22195.0,58
2024-07-29 15:57:00,22195.0,22214.0,22183.0,22187.0,244
2024-07-29 15:58:00,22186.0,22202.0,22177.0,22187.0,286
2024-07-29 15:59:00,22187.0,22215.0,22185.0,22189.0,122
2024-07-29 16:00:00,22190.0,22202.0,22154.0,22161.0,1054
2024-07-29 16:01:00,22161.0,22197.0,22157.0,22167.0,430
2024-07-29 16:02:00,22167.0,22268.0,22165.0,22171.0,284
2024-07-29 16:03:00,22171.0,22175.0,22169.0,22174.0,150
2024-07-29 16:04:00,22174.0,22180.0,22171.0,22176.0,194
2024-07-29 16:05:00,22176.0,22205.0,22171.0,22178.0,94
2024-07-29 16:06:00,22178.0,22205.0,22175.0,22175.0,108
2024-07-29 16:07:00,22177.0,22210.0,22176.0,22182.0,122
2024-07-29 16:08:00,22183.0,22196.0,22181.0,22194.0,262
2024-07-29 16:09:00,22193.0,22214.0,22188.0,22193.0,86
2024-07-29 16:10:00,22193.0,22198.0,22191.0,22197.0,140
2024-07-29 16:11:00,22196.0,22227.0,22195.0,22200.0,302
2024-07-29 16:12:00,22200.0,22226.0,22193.0,22195.0,104
2024-07-29 16:13:00,22194.0,22202.0,22194.0,22201.0,208
2024-07-29 16:14:00,22201.0,22231.0,22200.0,22205.0,158
2024-07-29 16:15:00,22205.0,22209.0,22203.0,22207.0,126
2024-07-29 16:16:00,22206.0,22207.0,22204.0,22206.0,56
2024-07-29 16:17:00,22206.0,22207.0,22204.0,22207.0,60
2024-07-29 16:18:00,22208.0,22212.0,22208.0,22211.0,102
2024-07-29 16:19:00,22212.0,22213.0,22207.0,22208.0,50
2024-07-29 16:20:00,22208.0,22210.0,22205.0,22205.0,102
2024-07-29 16:21:00,22205.0,22235.0,22204.0,22215.0,212
2024-07-29 16:22:00,22214.0,22214.0,22205.0,22205.0,120
2024-07-29 16:23:00,22205.0,22207.0,22202.0,22205.0,152
2024-07-29 16:24:00,22206.0,22209.0,22202.0,22209.0,112
2024-07-29 16:25:00,22207.0,22232.0,22200.0,22202.0,230
2024-07-29 16:26:00,22202.0,22205.0,22202.0,22202.0,100
2024-07-29 16:27:00,22203.0,22207.0,22202.0,22207.0,74
2024-07-29 16:28:00,22209.0,22218.0,22209.0,22211.0,160
2024-07-29 16:29:00,22211.0,22236.0,22209.0,22236.0,44
2024-07-29 16:30:00,22211.0,22214.0,22207.0,22207.0,116
2024-07-29 16:31:00,22207.0,22208.0,22200.0,22200.0,330
2024-07-29 16:32:00,22203.0,22205.0,22200.0,22200.0,66
2024-07-29 16:33:00,22200.0,22201.0,22192.0,22196.0,100
2024-07-29 16:34:00,22197.0,22218.0,22188.0,22188.0,154
2024-07-29 16:35:00,22189.0,22218.0,22187.0,22195.0,136
2024-07-29 16:36:00,22195.0,22218.0,22186.0,22186.0,86
2024-07-29 16:37:00,22188.0,22205.0,22177.0,22205.0,142
2024-07-29 16:38:00,22179.0,22204.0,22176.0,22181.0,86
2024-07-29 16:39:00,22180.0,22184.0,22179.0,22182.0,230
2024-07-29 16:40:00,22182.0,22207.0,22176.0,22181.0,100
2024-07-29 16:41:00,22183.0,22202.0,22172.0,22174.0,142
2024-07-29 16:42:00,22174.0,22181.0,22174.0,22178.0,82
2024-07-29 16:43:00,22178.0,22179.0,22177.0,22177.0,18
2024-07-29 16:44:00,22179.0,22188.0,22179.0,22181.0,146
2024-07-29 16:45:00,22181.0,22197.0,22173.0,22197.0,110
2024-07-29 16:46:00,22173.0,22184.0,22173.0,22182.0,50
2024-07-29 16:47:00,22180.0,22206.0,22176.0,22178.0,34
2024-07-29 16:48:00,22179.0,22206.0,22179.0,22184.0,42
2024-07-29 16:49:00,22185.0,22191.0,22183.0,22187.0,68
2024-07-29 16:50:00,22185.0,22210.0,22178.0,22178.0,66
2024-07-29 16:51:00,22177.0,22202.0,22176.0,22180.0,34
2024-07-29 16:52:00,22185.0,22186.0,22183.0,22185.0,70
2024-07-29 16:53:00,22186.0,22186.0,22180.0,22180.0,38
2024-07-29 16:54:00,22178.0,22200.0,22173.0,22181.0,96
2024-07-29 16:55:00,22181.0,22181.0,22177.0,22179.0,36
2024-07-29 16:56:00,22178.0,22181.0,22176.0,22180.0,36
2024-07-29 16:57:00,22181.0,22185.0,22181.0,22183.0,62
2024-07-29 16:58:00,22183.0,22189.0,22183.0,22186.0,104
2024-07-29 16:59:00,22186.0,22187.0,22184.0,22184.0,48
2024-07-29 17:00:00,22183.0,22183.0,22165.0,22168.0,428
2024-07-29 17:01:00,22169.0,22261.0,22162.0,22171.0,172
2024-07-29 17:02:00,22171.0,22182.0,22167.0,22181.0,232
2024-07-29 17:03:00,22178.0,22188.0,22175.0,22187.0,134
2024-07-29 17:04:00,22188.0,22189.0,22185.0,22186.0,100
2024-07-29 17:05:00,22189.0,22189.0,22180.0,22184.0,54
2024-07-29 17:06:00,22187.0,22193.0,22184.0,22193.0,58
2024-07-29 17:07:00,22193.0,22196.0,22192.0,22193.0,70
2024-07-29 17:08:00,22194.0,22195.0,22184.0,22184.0,48
2024-07-29 17:09:00,22184.0,22188.0,22184.0,22184.0,28
2024-07-29 17:10:00,22186.0,22186.0,22180.0,22180.0,46
2024-07-29 17:11:00,22178.0,22179.0,22175.0,22176.0,54
2024-07-29 17:12:00,22178.0,22208.0,22178.0,22182.0,30
2024-07-29 17:13:00,22181.0,22306.0,22176.0,22180.0,40
2024-07-29 17:14:00,22180.0,22182.0,22180.0,22182.0,14
2024-07-29 17:15:00,22181.0,22181.0,22176.0,22179.0,32
2024-07-29 17:16:00,22180.0,22186.0,22180.0,22186.0,44
2024-07-29 17:17:00,22183.0,22183.0,22170.0,22172.0,76
2024-07-29 17:18:00,22173.0,22176.0,22171.0,22175.0,44
2024-07-29 17:19:00,22176.0,22206.0,22176.0,22179.0,44
2024-07-29 17:20:00,22177.0,22177.0,22172.0,22176.0,84
2024-07-29 17:21:00,22178.0,22178.0,22171.0,22174.0,44
2024-07-29 17:22:00,22175.0,22177.0,22175.0,22177.0,18
2024-07-29 17:23:00,22177.0,22186.0,22177.0,22185.0,68
2024-07-29 17:24:00,22184.0,22188.0,22184.0,22186.0,38
2024-07-29 17:25:00,22187.0,22187.0,22175.0,22177.0,54
2024-07-29 17:26:00,22177.0,22195.0,22165.0,22165.0,192
2024-07-29 17:27:00,22165.0,22260.0,22155.0,22155.0,346
2024-07-29 17:28:00,22156.0,22169.0,22155.0,22167.0,176
2024-07-29 17:29:00,22166.0,22177.0,22166.0,22174.0,112
2024-07-29 17:30:00,22173.0,22174.0,22167.0,22173.0,120
2024-07-29 17:31:00,22171.0,22171.0,22168.0,22169.0,36
2024-07-29 17:32:00,22170.0,22174.0,22170.0,22174.0,36
2024-07-29 17:33:00,22174.0,22199.0,22168.0,22168.0,58
2024-07-29 17:34:00,22170.0,22196.0,22168.0,22170.0,24
2024-07-29 17:35:00,22170.0,22278.0,22169.0,22177.0,130
2024-07-29 17:36:00,22178.0,22209.0,22178.0,22180.0,40
2024-07-29 17:37:00,22179.0,22183.0,22179.0,22183.0,70
2024-07-29 17:38:00,22182.0,22184.0,22181.0,22184.0,82
2024-07-29 17:39:00,22185.0,22188.0,22184.0,22186.0,134
2024-07-29 17:40:00,22188.0,22216.0,22186.0,22204.0,304
2024-07-29 17:41:00,22201.0,22232.0,22198.0,22199.0,140
2024-07-29 17:42:00,22197.0,22231.0,22197.0,22202.0,146
2024-07-29 17:43:00,22203.0,22204.0,22200.0,22202.0,100
2024-07-29 17:44:00,22202.0,22234.0,22202.0,22213.0,244
2024-07-29 17:45:00,22210.0,22215.0,22208.0,22213.0,182
2024-07-29 17:46:00,22214.0,22215.0,22208.0,22211.0,76
2024-07-29 17:47:00,22210.0,22215.0,22210.0,22215.0,70
2024-07-29 17:48:00,22215.0,22309.0,22211.0,22211.0,76
2024-07-29 17:49:00,22211.0,22238.0,22209.0,22209.0,100
2024-07-29 17:50:00,22210.0,22214.0,22210.0,22212.0,46
2024-07-29 17:51:00,22213.0,22237.0,22212.0,22215.0,76
2024-07-29 17:52:00,22213.0,22250.0,22213.0,22224.0,324
2024-07-29 17:53:00,22224.0,22325.0,22224.0,22232.0,380
2024-07-29 17:54:00,22233.0,22234.0,22227.0,22227.0,162
2024-07-29 17:55:00,22228.0,22250.0,22224.0,22228.0,84
2024-07-29 17:56:00,22227.0,22255.0,22227.0,22229.0,86
2024-07-29 17:57:00,22228.0,22228.0,22222.0,22223.0,178
2024-07-29 17:58:00,22223.0,22223.0,22218.0,22220.0,62
2024-07-29 17:59:00,22220.0,22223.0,22219.0,22223.0,56
2024-07-29 18:00:00,22222.0,22244.0,22220.0,22221.0,104
2024-07-29 18:01:00,22221.0,22221.0,22217.0,22217.0,66
2024-07-29 18:02:00,22217.0,22253.0,22217.0,22226.0,96
2024-07-29 18:03:00,22226.0,22229.0,22225.0,22225.0,88
2024-07-29 18:04:00,22226.0,22229.0,22224.0,22229.0,82
2024-07-29 18:05:00,22230.0,22262.0,22229.0,22234.0,304
2024-07-29 18:06:00,22233.0,22255.0,22226.0,22227.0,84
2024-07-29 18:07:00,22228.0,22229.0,22226.0,22228.0,34
2024-07-29 18:08:00,22228.0,22230.0,22223.0,22223.0,64
2024-07-29 18:09:00,22223.0,22226.0,22222.0,22225.0,28
2024-07-29 18:10:00,22226.0,22232.0,22226.0,22232.0,92
2024-07-29 18:11:00,22233.0,22264.0,22231.0,22234.0,64
2024-07-29 18:12:00,22234.0,22236.0,22230.0,22232.0,110
2024-07-29 18:13:00,22231.0,22234.0,22228.0,22233.0,72
2024-07-29 18:14:00,22233.0,22265.0,22230.0,22240.0,118
2024-07-29 18:15:00,22241.0,22242.0,22236.0,22240.0,166
2024-07-29 18:16:00,22240.0,22268.0,22238.0,22240.0,114
2024-07-29 18:17:00,22238.0,22240.0,22235.0,22238.0,124
2024-07-29 18:18:00,22236.0,22240.0,22236.0,22239.0,28
2024-07-29 18:19:00,22237.0,22275.0,22236.0,22275.0,178
2024-07-29 18:20:00,22249.0,22275.0,22247.0,22248.0,192
2024-07-29 18:21:00,22248.0,22273.0,22243.0,22273.0,60
2024-07-29 18:22:00,22245.0,22273.0,22240.0,22243.0,66
2024-07-29 18:23:00,22243.0,22243.0,22238.0,22242.0,152
2024-07-29 18:24:00,22239.0,22239.0,22238.0,22238.0,28
2024-07-29 18:25:00,22238.0,22241.0,22236.0,22240.0,58
2024-07-29 18:26:00,22240.0,22240.0,22237.0,22238.0,36
2024-07-29 18:27:00,22236.0,22239.0,22235.0,22239.0,30
2024-07-29 18:28:00,22237.0,22237.0,22236.0,22236.0,12
2024-07-29 18:29:00,22235.0,22237.0,22233.0,22237.0,42
2024-07-29 18:30:00,22237.0,22238.0,22233.0,22234.0,74
2024-07-29 18:31:00,22233.0,22234.0,22231.0,22232.0,70
2024-07-29 18:32:00,22232.0,22232.0,22229.0,22230.0,68
2024-07-29 18:33:00,22230.0,22259.0,22229.0,22232.0,26
2024-07-29 18:34:00,22233.0,22233.0,22231.0,22232.0,50
2024-07-29 18:35:00,22232.0,22232.0,22226.0,22226.0,48
2024-07-29 18:36:00,22225.0,22250.0,22219.0,22222.0,146
2024-07-29 18:37:00,22219.0,22243.0,22219.0,22221.0,84
2024-07-29 18:38:00,22222.0,22223.0,22219.0,22222.0,54
2024-07-29 18:39:00,22222.0,22244.0,22218.0,22244.0,20
2024-07-29 18:40:00,22220.0,22226.0,22220.0,22226.0,60
2024-07-29 18:41:00,22227.0,22231.0,22224.0,22224.0,70
2024-07-29 18:42:00,22226.0,22226.0,22223.0,22223.0,18
2024-07-29 18:43:00,22227.0,22227.0,22225.0,22226.0,12
2024-07-29 18:44:00,22226.0,22227.0,22226.0,22227.0,12
2024-07-29 18:45:00,22225.0,22229.0,22224.0,22228.0,40
2024-07-29 18:46:00,22228.0,22228.0,22228.0,22228.0,6
2024-07-29 18:47:00,22227.0,22227.0,22224.0,22224.0,28
2024-07-29 18:48:00,22225.0,22225.0,22222.0,22222.0,24
2024-07-29 18:49:00,22222.0,22228.0,22222.0,22225.0,40
2024-07-29 18:50:00,22227.0,22227.0,22215.0,22219.0,196
2024-07-29 18:51:00,22216.0,22224.0,22216.0,22220.0,44
2024-07-29 18:52:00,22220.0,22244.0,22213.0,22218.0,62
2024-07-29 18:53:00,22218.0,22221.0,22217.0,22219.0,46
2024-07-29 18:54:00,22218.0,22240.0,22208.0,22210.0,258
2024-07-29 18:55:00,22209.0,22232.0,22206.0,22210.0,98
2024-07-29 18:56:00,22212.0,22219.0,22212.0,22217.0,34
2024-07-29 18:57:00,22217.0,22219.0,22215.0,22215.0,42
2024-07-29 18:58:00,22215.0,22216.0,22214.0,22216.0,30
2024-07-29 18:59:00,22217.0,22217.0,22208.0,22208.0,54
2024-07-29 19:00:00,22207.0,22232.0,22200.0,22232.0,254
2024-07-29 19:01:00,22206.0,22216.0,22205.0,22212.0,120
2024-07-29 19:02:00,22212.0,22215.0,22205.0,22205.0,38
2024-07-29 19:03:00,22204.0,22207.0,22197.0,22204.0,98
2024-07-29 19:04:00,22202.0,22205.0,22198.0,22205.0,100
2024-07-29 19:05:00,22205.0,22210.0,22204.0,22209.0,48
2024-07-29 19:06:00,22203.0,22204.0,22201.0,22203.0,22
2024-07-29 19:07:00,22208.0,22213.0,22205.0,22210.0,52
2024-07-29 19:08:00,22211.0,22213.0,22211.0,22213.0,18
2024-07-29 19:09:00,22211.0,22213.0,22207.0,22210.0,54
2024-07-29 19:10:00,22211.0,22211.0,22208.0,22210.0,14
2024-07-29 19:11:00,22210.0,22238.0,22209.0,22218.0,76
2024-07-29 19:12:00,22219.0,22219.0,22215.0,22217.0,36
2024-07-29 19:13:00,22215.0,22215.0,22209.0,22210.0,20
2024-07-29 19:14:00,22209.0,22210.0,22209.0,22210.0,14
2024-07-29 19:15:00,22210.0,22302.0,22203.0,22203.0,90
2024-07-29 19:16:00,22202.0,22231.0,22193.0,22197.0,164
2024-07-29 19:17:00,22197.0,22205.0,22197.0,22203.0,62
2024-07-29 19:18:00,22203.0,22230.0,22202.0,22206.0,38
2024-07-29 19:19:00,22207.0,22208.0,22205.0,22207.0,38
2024-07-29 19:20:00,22208.0,22208.0,22205.0,22207.0,12
2024-07-29 19:21:00,22207.0,22207.0,22203.0,22204.0,42
2024-07-29 19:22:00,22205.0,22213.0,22202.0,22213.0,68
2024-07-29 19:23:00,22211.0,22218.0,22211.0,22218.0,80
2024-07-29 19:24:00,22219.0,22219.0,22211.0,22211.0,60
2024-07-29 19:25:00,22209.0,22212.0,22206.0,22211.0,28
2024-07-29 19:26:00,22213.0,22214.0,22211.0,22211.0,24
2024-07-29 19:27:00,22212.0,22217.0,22212.0,22215.0,48
2024-07-29 19:28:00,22217.0,22217.0,22215.0,22217.0,28
2024-07-29 19:29:00,22217.0,22251.0,22217.0,22230.0,352
2024-07-29 19:30:00,22229.0,22230.0,22222.0,22228.0,200
2024-07-29 19:31:00,22230.0,22235.0,22230.0,22234.0,122
2024-07-29 19:32:00,22234.0,22235.0,22230.0,22232.0,178
2024-07-29 19:33:00,22233.0,22233.0,22228.0,22228.0,62
2024-07-29 19:34:00,22228.0,22230.0,22228.0,22230.0,26
2024-07-29 19:35:00,22230.0,22232.0,22228.0,22228.0,64
2024-07-29 19:36:00,22230.0,22233.0,22230.0,22230.0,54
2024-07-29 19:37:00,22229.0,22231.0,22225.0,22231.0,52
2024-07-29 19:38:00,22231.0,22232.0,22229.0,22230.0,52
2024-07-29 19:39:00,22229.0,22229.0,22223.0,22226.0,108
2024-07-29 19:40:00,22226.0,22228.0,22223.0,22226.0,68
2024-07-29 19:41:00,22225.0,22250.0,22225.0,22226.0,24
2024-07-29 19:42:00,22225.0,22248.0,22224.0,22248.0,8
2024-07-29 19:43:00,22224.0,22224.0,22219.0,22219.0,70
2024-07-29 19:44:00,22219.0,22220.0,22217.0,22220.0,48
2024-07-29 19:45:00,22219.0,22224.0,22218.0,22219.0,48
2024-07-29 19:46:00,22219.0,22219.0,22213.0,22214.0,88
2024-07-29 19:47:00,22214.0,22219.0,22213.0,22219.0,70
2024-07-29 19:48:00,22220.0,22223.0,22220.0,22220.0,26
2024-07-29 19:49:00,22219.0,22219.0,22215.0,22218.0,44
2024-07-29 19:50:00,22215.0,22215.0,22210.0,22210.0,66
2024-07-29 19:51:00,22210.0,22217.0,22209.0,22213.0,86
2024-07-29 19:52:00,22211.0,22216.0,22211.0,22216.0,24
2024-07-29 19:53:00,22212.0,22212.0,22207.0,22210.0,40
2024-07-29 19:54:00,22210.0,22213.0,22208.0,22208.0,48
2024-07-29 19:55:00,22209.0,22211.0,22208.0,22210.0,18
2024-07-29 19:56:00,22209.0,22297.0,22198.0,22201.0,234
2024-07-29 19:57:00,22201.0,22229.0,22198.0,22202.0,84
2024-07-29 19:58:00,22202.0,22204.0,22202.0,22203.0,26
2024-07-29 19:59:00,22203.0,22204.0,22202.0,22204.0,34
2024-07-29 20:00:00,22205.0,22211.0,22202.0,22211.0,110
2024-07-29 20:01:00,22209.0,22212.0,22205.0,22211.0,120
2024-07-29 20:02:00,22209.0,22209.0,22203.0,22203.0,68
2024-07-29 20:03:00,22203.0,22203.0,22196.0,22198.0,92
2024-07-29 20:04:00,22198.0,22221.0,22188.0,22192.0,230
2024-07-29 20:05:00,22192.0,22210.0,22183.0,22184.0,218
2024-07-29 20:06:00,22186.0,22210.0,22178.0,22181.0,300
2024-07-29 20:07:00,22182.0,22210.0,22180.0,22189.0,156
2024-07-29 20:08:00,22190.0,22190.0,22187.0,22189.0,68
2024-07-29 20:09:00,22189.0,22210.0,22183.0,22210.0,124
2024-07-29 20:10:00,22184.0,22190.0,22182.0,22189.0,56
2024-07-29 20:11:00,22190.0,22317.0,22190.0,22193.0,128
2024-07-29 20:12:00,22192.0,22218.0,22191.0,22195.0,72
2024-07-29 20:13:00,22196.0,22200.0,22196.0,22200.0,66
2024-07-29 20:14:00,22200.0,22200.0,22189.0,22191.0,110
2024-07-29 20:15:00,22193.0,22194.0,22190.0,22190.0,74
2024-07-29 20:16:00,22189.0,22192.0,22185.0,22191.0,78
2024-07-29 20:17:00,22192.0,22198.0,22189.0,22198.0,62
2024-07-29 20:18:00,22199.0,22205.0,22199.0,22205.0,144
2024-07-29 20:19:00,22206.0,22210.0,22198.0,22201.0,112
2024-07-29 20:20:00,22203.0,22203.0,22198.0,22198.0,40
2024-07-29 20:21:00,22200.0,22201.0,22198.0,22198.0,22
2024-07-29 20:22:00,22200.0,22203.0,22199.0,22202.0,54
2024-07-29 20:23:00,22203.0,22206.0,22203.0,22204.0,22
2024-07-29 20:24:00,22202.0,22204.0,22200.0,22204.0,18
2024-07-29 20:25:00,22204.0,22209.0,22204.0,22208.0,46
2024-07-29 20:26:00,22208.0,22240.0,22208.0,22214.0,162
2024-07-29 20:27:00,22213.0,22243.0,22212.0,22212.0,98
2024-07-29 20:28:00,22214.0,22216.0,22213.0,22214.0,44
2024-07-29 20:29:00,22215.0,22215.0,22213.0,22213.0,26
2024-07-29 20:30:00,22212.0,22224.0,22210.0,22219.0,252
2024-07-29 20:31:00,22219.0,22350.0,22217.0,22221.0,62
2024-07-29 20:32:00,22220.0,22350.0,22218.0,22221.0,70
2024-07-29 20:33:00,22222.0,22232.0,22222.0,22230.0,214
2024-07-29 20:34:00,22229.0,22229.0,22222.0,22223.0,76
2024-07-29 20:35:00,22222.0,22222.0,22218.0,22218.0,72
2024-07-29 20:36:00,22243.0,22243.0,22218.0,22224.0,42
2024-07-29 20:37:00,22225.0,22231.0,22224.0,22225.0,114
2024-07-29 20:38:00,22225.0,22225.0,22221.0,22224.0,42
2024-07-29 20:39:00,22226.0,22227.0,22222.0,22227.0,70
2024-07-29 20:40:00,22225.0,22226.0,22220.0,22220.0,74
2024-07-29 20:41:00,22220.0,22243.0,22217.0,22224.0,62
2024-07-29 20:42:00,22223.0,22223.0,22219.0,22220.0,62
2024-07-29 20:43:00,22219.0,22222.0,22217.0,22221.0,90
2024-07-29 20:44:00,22220.0,22222.0,22220.0,22222.0,4
2024-07-29 20:45:00,22222.0,22226.0,22218.0,22219.0,96
2024-07-29 20:46:00,22218.0,22218.0,22214.0,22214.0,80
2024-07-29 20:47:00,22216.0,22218.0,22214.0,22214.0,34
2024-07-29 20:48:00,22214.0,22218.0,22212.0,22216.0,52
2024-07-29 20:49:00,22217.0,22218.0,22214.0,22214.0,32
2024-07-29 20:50:00,22214.0,22214.0,22205.0,22206.0,196
2024-07-29 20:51:00,22206.0,22228.0,22198.0,22199.0,140
2024-07-29 20:52:00,22200.0,22205.0,22199.0,22204.0,60
2024-07-29 20:53:00,22205.0,22207.0,22202.0,22204.0,90
2024-07-29 20:54:00,22204.0,22228.0,22198.0,22198.0,54
2024-07-29 20:55:00,22198.0,22198.0,22191.0,22196.0,120
2024-07-29 20:56:00,22196.0,22224.0,22195.0,22195.0,78
2024-07-29 20:57:00,22196.0,22196.0,22192.0,22193.0,42
2024-07-29 20:58:00,22192.0,22192.0,22188.0,22192.0,116
2024-07-29 20:59:00,22192.0,22196.0,22191.0,22196.0,50
2024-07-29 21:00:00,22194.0,22194.0,22186.0,22187.0,242
2024-07-29 21:01:00,22188.0,22211.0,22183.0,22190.0,156
2024-07-29 21:02:00,22188.0,22191.0,22187.0,22187.0,42
2024-07-29 21:03:00,22186.0,22187.0,22181.0,22181.0,100
2024-07-29 21:04:00,22183.0,22202.0,22170.0,22179.0,418
2024-07-29 21:05:00,22180.0,22203.0,22170.0,22173.0,274
2024-07-29 21:06:00,22173.0,22193.0,22168.0,22193.0,190
2024-07-29 21:07:00,22169.0,22180.0,22168.0,22176.0,170
2024-07-29 21:08:00,22176.0,22180.0,22173.0,22178.0,100
2024-07-29 21:09:00,22178.0,22178.0,22170.0,22170.0,120
2024-07-29 21:10:00,22170.0,22189.0,22162.0,22171.0,274
2024-07-29 21:11:00,22172.0,22184.0,22172.0,22183.0,124
2024-07-29 21:12:00,22183.0,22185.0,22178.0,22179.0,160
2024-07-29 21:13:00,22178.0,22184.0,22178.0,22179.0,80
2024-07-29 21:14:00,22179.0,22189.0,22179.0,22188.0,112
2024-07-29 21:15:00,22188.0,22193.0,22185.0,22188.0,228
2024-07-29 21:16:00,22188.0,22188.0,22184.0,22185.0,70
2024-07-29 21:17:00,22185.0,22186.0,22183.0,22183.0,50
2024-07-29 21:18:00,22182.0,22182.0,22177.0,22179.0,98
2024-07-29 21:19:00,22178.0,22179.0,22171.0,22171.0,98
2024-07-29 21:20:00,22171.0,22172.0,22167.0,22167.0,162
2024-07-29 21:21:00,22167.0,22174.0,22167.0,22171.0,78
2024-07-29 21:22:00,22171.0,22171.0,22165.0,22166.0,120
2024-07-29 21:23:00,22166.0,22195.0,22166.0,22166.0,116
2024-07-29 21:24:00,22169.0,22300.0,22166.0,22171.0,34
2024-07-29 21:25:00,22171.0,22172.0,22166.0,22168.0,96
2024-07-29 21:26:00,22168.0,22191.0,22167.0,22167.0,122
2024-07-29 21:27:00,22167.0,22349.0,22105.0,22142.0,3364
2024-07-29 21:28:00,22138.0,22432.0,22130.0,22145.0,592
2024-07-29 21:29:00,22145.0,22175.0,22139.0,22145.0,242
2024-07-29 21:30:00,22144.0,22161.0,22126.0,22132.0,630
2024-07-29 21:31:00,22130.0,22205.0,22088.0,22102.0,1880
2024-07-29 21:32:00,22101.0,22124.0,22085.0,22107.0,1300
2024-07-29 21:33:00,22106.0,22220.0,22099.0,22103.0,1062
2024-07-29 21:34:00,22105.0,22123.0,22100.0,22103.0,714
2024-07-29 21:35:00,22105.0,22111.0,22092.0,22102.0,736
2024-07-29 21:36:00,22102.0,22227.0,22087.0,22108.0,828
2024-07-29 21:37:00,22110.0,22141.0,22099.0,22116.0,958
2024-07-29 21:38:00,22116.0,22141.0,22101.0,22105.0,540
2024-07-29 21:39:00,22106.0,22160.0,22104.0,22120.0,670
2024-07-29 21:40:00,22118.0,22135.0,22097.0,22135.0,524
2024-07-29 21:41:00,22103.0,22142.0,22101.0,22112.0,304
2024-07-29 21:42:00,22113.0,22136.0,22099.0,22100.0,358
2024-07-29 21:43:00,22100.0,22125.0,22096.0,22110.0,280
2024-07-29 21:44:00,22111.0,22124.0,22109.0,22124.0,498
2024-07-29 21:45:00,22125.0,22166.0,22117.0,22134.0,718
2024-07-29 21:46:00,22135.0,22150.0,22118.0,22125.0,444
2024-07-29 21:47:00,22128.0,22135.0,22120.0,22131.0,308
2024-07-29 21:48:00,22130.0,22161.0,22111.0,22111.0,426
2024-07-29 21:49:00,22114.0,22124.0,22109.0,22119.0,304
2024-07-29 21:50:00,22120.0,22122.0,22096.0,22096.0,376
2024-07-29 21:51:00,22096.0,22136.0,22096.0,22102.0,426
2024-07-29 21:52:00,22102.0,22230.0,22095.0,22107.0,318
2024-07-29 21:53:00,22107.0,22146.0,22106.0,22121.0,316
2024-07-29 21:54:00,22121.0,22121.0,22103.0,22115.0,316
2024-07-29 21:55:00,22113.0,22150.0,22111.0,22119.0,224
2024-07-29 21:56:00,22120.0,22147.0,22108.0,22111.0,228
2024-07-29 21:57:00,22110.0,22117.0,22105.0,22112.0,144
2024-07-29 21:58:00,22115.0,22147.0,22113.0,22120.0,138
2024-07-29 21:59:00,22118.0,22124.0,22116.0,22123.0,210
2024-07-29 22:00:00,22120.0,22143.0,22115.0,22142.0,646
2024-07-29 22:01:00,22142.0,22241.0,22128.0,22165.0,520
2024-07-29 22:02:00,22134.0,22155.0,22123.0,22124.0,310
2024-07-29 22:03:00,22124.0,22129.0,22113.0,22115.0,402
2024-07-29 22:04:00,22113.0,22124.0,22107.0,22123.0,324
2024-07-29 22:05:00,22120.0,22143.0,22111.0,22124.0,216
2024-07-29 22:06:00,22126.0,22130.0,22116.0,22120.0,296
2024-07-29 22:07:00,22118.0,22196.0,22094.0,22099.0,660
2024-07-29 22:08:00,22096.0,22131.0,22095.0,22100.0,334
2024-07-29 22:09:00,22103.0,22127.0,22092.0,22098.0,284
2024-07-29 22:10:00,22098.0,22300.0,22066.0,22066.0,2412
2024-07-29 22:11:00,22070.0,22200.0,22066.0,22070.0,776
2024-07-29 22:12:00,22068.0,22200.0,22048.0,22053.0,1032
2024-07-29 22:13:00,22054.0,22075.0,22039.0,22050.0,986
2024-07-29 22:14:00,22050.0,22085.0,22036.0,22043.0,688
2024-07-29 22:15:00,22042.0,22068.0,22032.0,22045.0,702
2024-07-29 22:16:00,22045.0,22086.0,22042.0,22053.0,548
2024-07-29 22:17:00,22054.0,22093.0,22050.0,22064.0,588
2024-07-29 22:18:00,22064.0,22088.0,22057.0,22061.0,346
2024-07-29 22:19:00,22062.0,22094.0,22057.0,22058.0,364
2024-07-29 22:20:00,22058.0,22079.0,22048.0,22078.0,386
2024-07-29 22:21:00,22051.0,22063.0,22048.0,22057.0,158
2024-07-29 22:22:00,22056.0,22085.0,22049.0,22060.0,240
2024-07-29 22:23:00,22061.0,22300.0,22061.0,22067.0,596
2024-07-29 22:24:00,22066.0,22087.0,22060.0,22064.0,182
2024-07-29 22:25:00,22062.0,22089.0,22045.0,22045.0,326
2024-07-29 22:26:00,22046.0,22074.0,22042.0,22048.0,366
2024-07-29 22:27:00,22051.0,22057.0,22042.0,22042.0,210
2024-07-29 22:28:00,22045.0,22070.0,22040.0,22040.0,206
2024-07-29 22:29:00,22040.0,22055.0,22040.0,22052.0,270
2024-07-29 22:30:00,22052.0,22080.0,22036.0,22038.0,376
2024-07-29 22:31:00,22038.0,22249.0,22017.0,22029.0,824
2024-07-29 22:32:00,22030.0,22044.0,22013.0,22019.0,578
2024-07-29 22:33:00,22018.0,22041.0,22011.0,22011.0,288
2024-07-29 22:34:00,22013.0,22020.0,22009.0,22018.0,326
2024-07-29 22:35:00,22016.0,22123.0,22010.0,22027.0,394
2024-07-29 22:36:00,22024.0,22050.0,22013.0,22017.0,296
2024-07-29 22:37:00,22018.0,22050.0,22013.0,22022.0,158
2024-07-29 22:38:00,22024.0,22055.0,22024.0,22031.0,250
2024-07-29 22:39:00,22031.0,22063.0,22022.0,22027.0,226
2024-07-29 22:40:00,22028.0,22037.0,22027.0,22029.0,186
2024-07-29 22:41:00,22029.0,22130.0,22028.0,22031.0,146
2024-07-29 22:42:00,22032.0,22035.0,22025.0,22035.0,156
2024-07-29 22:43:00,22036.0,22163.0,22020.0,22023.0,168
2024-07-29 22:44:00,22025.0,22028.0,22019.0,22021.0,122
2024-07-29 22:45:00,22023.0,22048.0,22008.0,22020.0,454
2024-07-29 22:46:00,22018.0,22130.0,22015.0,22031.0,434
2024-07-29 22:47:00,22033.0,22056.0,22027.0,22030.0,232
2024-07-29 22:48:00,22032.0,22035.0,22025.0,22029.0,168
2024-07-29 22:49:00,22029.0,22215.0,22004.0,22006.0,422
2024-07-29 22:50:00,22007.0,22033.0,21998.0,22002.0,848
2024-07-29 22:51:00,22000.0,22035.0,21994.0,22004.0,454
2024-07-29 22:52:00,22007.0,22027.0,21997.0,22000.0,288
2024-07-29 22:53:00,22001.0,22186.0,22000.0,22005.0,196
2024-07-29 22:54:00,22007.0,22037.0,21997.0,21999.0,232
2024-07-29 22:55:00,21998.0,22032.0,21996.0,21999.0,240
2024-07-29 22:56:00,22000.0,22008.0,22000.0,22006.0,174
2024-07-29 22:57:00,22005.0,22033.0,21991.0,22008.0,316
2024-07-29 22:58:00,22005.0,22010.0,21998.0,22000.0,204
2024-07-29 22:59:00,22000.0,22024.0,21981.0,21984.0,448
2024-07-29 23:00:00,21983.0,22070.0,21958.0,21963.0,1682
2024-07-29 23:01:00,21962.0,21990.0,21955.0,21962.0,578
2024-07-29 23:02:00,21961.0,22001.0,21959.0,21962.0,584
2024-07-29 23:03:00,21963.0,21986.0,21954.0,21966.0,482
2024-07-29 23:04:00,21966.0,21972.0,21965.0,21968.0,358
2024-07-29 23:05:00,21969.0,22000.0,21958.0,21972.0,284
2024-07-29 23:06:00,21972.0,22000.0,21962.0,21965.0,386
2024-07-29 23:07:00,21967.0,22170.0,21946.0,21951.0,712
2024-07-29 23:08:00,21951.0,21981.0,21940.0,21944.0,652
2024-07-29 23:09:00,21946.0,22175.0,21933.0,21959.0,1100
2024-07-29 23:10:00,21936.0,22038.0,21921.0,21924.0,1004
2024-07-29 23:11:00,21926.0,22050.0,21902.0,21915.0,1958
2024-07-29 23:12:00,21915.0,21949.0,21898.0,21900.0,1120
2024-07-29 23:13:00,21900.0,21940.0,21896.0,21915.0,798
2024-07-29 23:14:00,21918.0,21952.0,21911.0,21912.0,578
2024-07-29 23:15:00,21912.0,21943.0,21893.0,21895.0,648
2024-07-29 23:16:00,21894.0,22000.0,21892.0,21900.0,564
2024-07-29 23:17:00,21899.0,22009.0,21896.0,21935.0,376
2024-07-29 23:18:00,21902.0,21935.0,21895.0,21898.0,270
2024-07-29 23:19:00,21899.0,21927.0,21890.0,21893.0,490
2024-07-29 23:20:00,21894.0,21940.0,21884.0,21912.0,878
2024-07-29 23:21:00,21912.0,21946.0,21906.0,21913.0,412
2024-07-29 23:22:00,21912.0,21945.0,21897.0,21901.0,248
2024-07-29 23:23:00,21902.0,21913.0,21900.0,21907.0,328
2024-07-29 23:24:00,21908.0,21916.0,21908.0,21916.0,246
2024-07-29 23:25:00,21914.0,22050.0,21914.0,21928.0,520
2024-07-29 23:26:00,21928.0,22120.0,21927.0,21946.0,734
2024-07-29 23:27:00,21944.0,21949.0,21938.0,21945.0,466
2024-07-29 23:28:00,21944.0,21980.0,21934.0,21934.0,768
2024-07-29 23:29:00,21934.0,21944.0,21932.0,21940.0,276
2024-07-29 23:30:00,21941.0,21966.0,21913.0,21915.0,640
2024-07-29 23:31:00,21915.0,21918.0,21905.0,21907.0,466
2024-07-29 23:32:00,21908.0,21921.0,21908.0,21914.0,356
2024-07-29 23:33:00,21915.0,21934.0,21900.0,21909.0,400
2024-07-29 23:34:00,21908.0,21939.0,21901.0,21905.0,864
2024-07-29 23:35:00,21907.0,21915.0,21906.0,21906.0,298
2024-07-29 23:36:00,21907.0,21911.0,21904.0,21910.0,90
2024-07-29 23:37:00,21907.0,21923.0,21907.0,21915.0,278
2024-07-29 23:38:00,21918.0,21956.0,21917.0,21927.0,234
2024-07-29 23:39:00,21929.0,21930.0,21924.0,21927.0,132
2024-07-29 23:40:00,21927.0,21931.0,21921.0,21930.0,188
2024-07-29 23:41:00,21928.0,21940.0,21926.0,21939.0,448
2024-07-29 23:42:00,21937.0,21945.0,21935.0,21940.0,392
2024-07-29 23:43:00,21942.0,21942.0,21930.0,21934.0,168
2024-07-29 23:44:00,21935.0,22075.0,21932.0,21932.0,218
2024-07-29 23:45:00,21932.0,21941.0,21931.0,21940.0,276
2024-07-29 23:46:00,21939.0,21946.0,21935.0,21936.0,476
2024-07-29 23:47:00,21940.0,21945.0,21939.0,21941.0,212
2024-07-29 23:48:00,21942.0,22150.0,21942.0,21970.0,970
2024-07-29 23:49:00,21970.0,22002.0,21967.0,21980.0,804
2024-07-29 23:50:00,21979.0,22016.0,21974.0,21983.0,614
2024-07-29 23:51:00,21983.0,21988.0,21982.0,21982.0,340
2024-07-29 23:52:00,21983.0,21984.0,21975.0,21977.0,340
2024-07-29 23:53:00,21977.0,22119.0,21977.0,21980.0,302
2024-07-29 23:54:00,21978.0,22006.0,21970.0,21971.0,240
2024-07-29 23:55:00,21973.0,21982.0,21973.0,21979.0,208
2024-07-29 23:56:00,21977.0,22009.0,21976.0,21987.0,122
2024-07-29 23:57:00,21988.0,21993.0,21985.0,21990.0,340
2024-07-29 23:58:00,21990.0,22127.0,21990.0,21993.0,356
2024-07-29 23:59:00,21992.0,22024.0,21986.0,21987.0,364
2024-07-30 00:00:00,21987.0,22049.0,21987.0,22020.0,2338
2024-07-30 00:01:00,22021.0,22050.0,22020.0,22020.0,972
2024-07-30 00:02:00,22021.0,22051.0,22021.0,22034.0,804
2024-07-30 00:03:00,22032.0,22032.0,22024.0,22028.0,226
2024-07-30 00:04:00,22027.0,22056.0,22020.0,22020.0,190
2024-07-30 00:05:00,22021.0,22165.0,22021.0,22165.0,264
2024-07-30 00:06:00,22035.0,22065.0,22033.0,22040.0,360
2024-07-30 00:07:00,22037.0,22061.0,22027.0,22061.0,256
2024-07-30 00:08:00,22028.0,22061.0,22027.0,22035.0,214
2024-07-30 00:09:00,22034.0,22061.0,22029.0,22030.0,240
2024-07-30 00:10:00,22031.0,22057.0,22019.0,22026.0,266
2024-07-30 00:11:00,22025.0,22027.0,22014.0,22017.0,176
2024-07-30 00:12:00,22016.0,22016.0,22008.0,22010.0,368
2024-07-30 00:13:00,22010.0,22045.0,22010.0,22027.0,234
2024-07-30 00:14:00,22028.0,22049.0,22020.0,22049.0,140
2024-07-30 00:15:00,22022.0,22051.0,22014.0,22019.0,178
2024-07-30 00:16:00,22016.0,22057.0,22016.0,22032.0,172
2024-07-30 00:17:00,22032.0,22033.0,22024.0,22030.0,100
2024-07-30 00:18:00,22029.0,22036.0,22025.0,22032.0,130
2024-07-30 00:19:00,22032.0,22065.0,22027.0,22034.0,130
2024-07-30 00:20:00,22032.0,22039.0,22028.0,22031.0,154
2024-07-30 00:21:00,22029.0,22031.0,22021.0,22030.0,146
2024-07-30 00:22:00,22031.0,22031.0,22019.0,22022.0,158
2024-07-30 00:23:00,22025.0,22030.0,22023.0,22027.0,62
2024-07-30 00:24:00,22028.0,22031.0,22021.0,22022.0,114
2024-07-30 00:25:00,22020.0,22033.0,21994.0,21996.0,624
2024-07-30 00:26:00,21998.0,22008.0,21993.0,21997.0,552
2024-07-30 00:27:00,21998.0,22026.0,21996.0,21998.0,242
2024-07-30 00:28:00,21998.0,22100.0,21998.0,22100.0,134
2024-07-30 00:29:00,21999.0,22026.0,21995.0,22000.0,192
2024-07-30 00:30:00,22001.0,22018.0,21999.0,22018.0,316
2024-07-30 00:31:00,22016.0,22047.0,22011.0,22012.0,184
2024-07-30 00:32:00,22012.0,22017.0,22006.0,22017.0,94
2024-07-30 00:33:00,22017.0,22030.0,21995.0,22001.0,178
2024-07-30 00:34:00,21999.0,22011.0,21998.0,22005.0,50
2024-07-30 00:35:00,22005.0,22023.0,22005.0,22018.0,154
2024-07-30 00:36:00,22017.0,22017.0,22006.0,22009.0,84
2024-07-30 00:37:00,22011.0,22032.0,21992.0,22000.0,386
2024-07-30 00:38:00,22000.0,22009.0,21999.0,22009.0,56
2024-07-30 00:39:00,22008.0,22008.0,22004.0,22006.0,54
2024-07-30 00:40:00,22005.0,22024.0,22005.0,22024.0,242
2024-07-30 00:41:00,22023.0,22030.0,22020.0,22028.0,140
2024-07-30 00:42:00,22026.0,22031.0,22022.0,22024.0,244
2024-07-30 00:43:00,22024.0,22050.0,22010.0,22010.0,184
2024-07-30 00:44:00,22009.0,22019.0,22006.0,22017.0,92
2024-07-30 00:45:00,22016.0,22026.0,22014.0,22019.0,128
2024-07-30 00:46:00,22017.0,22026.0,22017.0,22024.0,44
2024-07-30 00:47:00,22025.0,22031.0,22025.0,22031.0,122
2024-07-30 00:48:00,22031.0,22056.0,22027.0,22031.0,160
2024-07-30 00:49:00,22030.0,22059.0,22024.0,22027.0,138
2024-07-30 00:50:00,22028.0,22058.0,22021.0,22021.0,154
2024-07-30 00:51:00,22022.0,22024.0,22008.0,22012.0,150
2024-07-30 00:52:00,22012.0,22042.0,22012.0,22015.0,128
2024-07-30 00:53:00,22014.0,22020.0,22011.0,22018.0,82
2024-07-30 00:54:00,22021.0,22029.0,22021.0,22027.0,108
2024-07-30 00:55:00,22028.0,22058.0,22022.0,22029.0,114
2024-07-30 00:56:00,22031.0,22032.0,22026.0,22029.0,78
2024-07-30 00:57:00,22025.0,22050.0,22016.0,22021.0,88
2024-07-30 00:58:00,22022.0,22027.0,22018.0,22019.0,38
2024-07-30 00:59:00,22019.0,22019.0,22008.0,22011.0,134
2024-07-30 01:00:00,22010.0,22015.0,22006.0,22015.0,170
2024-07-30 01:01:00,22015.0,22019.0,22014.0,22015.0,70
2024-07-30 01:02:00,22018.0,22022.0,22015.0,22020.0,90
2024-07-30 01:03:00,22019.0,22020.0,22015.0,22015.0,52
2024-07-30 01:04:00,22018.0,22018.0,22012.0,22014.0,32
2024-07-30 01:05:00,22014.0,22014.0,22007.0,22009.0,54
2024-07-30 01:06:00,22014.0,22020.0,22012.0,22015.0,78
2024-07-30 01:07:00,22013.0,22013.0,22010.0,22013.0,28
2024-07-30 01:08:00,22011.0,22012.0,22005.0,22008.0,74
2024-07-30 01:09:00,22010.0,22021.0,22010.0,22017.0,80
2024-07-30 01:10:00,22017.0,22050.0,22015.0,22022.0,60
2024-07-30 01:11:00,22022.0,22033.0,22020.0,22033.0,120
2024-07-30 01:12:00,22031.0,22152.0,22029.0,22050.0,926
2024-07-30 01:13:00,22052.0,22088.0,22049.0,22050.0,482
2024-07-30 01:14:00,22049.0,22053.0,22037.0,22038.0,144
2024-07-30 01:15:00,22039.0,22045.0,22035.0,22036.0,182
2024-07-30 01:16:00,22034.0,22034.0,22017.0,22024.0,214
2024-07-30 01:17:00,22025.0,22029.0,22023.0,22029.0,76
2024-07-30 01:18:00,22029.0,22133.0,22028.0,22038.0,70
2024-07-30 01:19:00,22037.0,22037.0,22034.0,22034.0,48
2024-07-30 01:20:00,22031.0,22034.0,22023.0,22023.0,80
2024-07-30 01:21:00,22023.0,22023.0,22016.0,22017.0,80
2024-07-30 01:22:00,22017.0,22022.0,22013.0,22021.0,182
2024-07-30 01:23:00,22018.0,22019.0,22014.0,22014.0,68
2024-07-30 01:24:00,22015.0,22020.0,22015.0,22019.0,38
2024-07-30 01:25:00,22019.0,22020.0,22009.0,22020.0,130
2024-07-30 01:26:00,22021.0,22030.0,21996.0,22001.0,252
2024-07-30 01:27:00,22002.0,22003.0,21994.0,21999.0,208
2024-07-30 01:28:00,21999.0,22001.0,21991.0,21994.0,172
2024-07-30 01:29:00,21997.0,22020.0,21978.0,21980.0,340
2024-07-30 01:30:00,21983.0,22010.0,21974.0,21977.0,306
2024-07-30 01:31:00,21977.0,22009.0,21972.0,22002.0,248
2024-07-30 01:32:00,21977.0,21986.0,21976.0,21982.0,160
2024-07-30 01:33:00,21982.0,22015.0,21980.0,21984.0,80
2024-07-30 01:34:00,21986.0,22116.0,21986.0,21986.0,108
2024-07-30 01:35:00,21987.0,21994.0,21987.0,21994.0,102
2024-07-30 01:36:00,21993.0,21998.0,21993.0,21993.0,84
2024-07-30 01:37:00,21994.0,21995.0,21989.0,21992.0,46
2024-07-30 01:38:00,21991.0,21998.0,21988.0,21996.0,78
2024-07-30 01:39:00,21997.0,22005.0,21996.0,22003.0,116
2024-07-30 01:40:00,22004.0,22010.0,22003.0,22005.0,166
2024-07-30 01:41:00,22006.0,22009.0,22004.0,22009.0,26
2024-07-30 01:42:00,22009.0,22014.0,22007.0,22014.0,112
2024-07-30 01:43:00,22014.0,22016.0,22005.0,22011.0,176
2024-07-30 01:44:00,22011.0,22011.0,21998.0,22004.0,198
2024-07-30 01:45:00,22003.0,22007.0,22002.0,22006.0,80
2024-07-30 01:46:00,22010.0,22040.0,22010.0,22013.0,122
2024-07-30 01:47:00,22012.0,22013.0,22008.0,22009.0,38
2024-07-30 01:48:00,22010.0,22037.0,22007.0,22009.0,46
2024-07-30 01:49:00,22008.0,22009.0,22006.0,22008.0,48
2024-07-30 01:50:00,22005.0,22006.0,22000.0,22004.0,124
2024-07-30 01:51:00,22006.0,22010.0,22004.0,22008.0,42
2024-07-30 01:52:00,22009.0,22017.0,22009.0,22015.0,84
2024-07-30 01:53:00,22015.0,22016.0,22009.0,22009.0,26
2024-07-30 01:54:00,22007.0,22007.0,21998.0,22004.0,118
2024-07-30 01:55:00,22001.0,22003.0,22000.0,22002.0,16
2024-07-30 01:56:00,22004.0,22012.0,22002.0,22012.0,80
2024-07-30 01:57:00,22011.0,22011.0,22005.0,22005.0,30
2024-07-30 01:58:00,21999.0,22001.0,21996.0,22000.0,50
2024-07-30 01:59:00,22001.0,22003.0,21999.0,21999.0,36
2024-07-30 02:00:00,21997.0,22000.0,21988.0,21994.0,102
2024-07-30 02:01:00,21994.0,22017.0,21986.0,21989.0,124
2024-07-30 02:02:00,21990.0,22025.0,21987.0,21987.0,88
2024-07-30 02:03:00,21991.0,22021.0,21983.0,21988.0,74
2024-07-30 02:04:00,21993.0,22023.0,21991.0,22020.0,86
2024-07-30 02:05:00,21994.0,22028.0,21994.0,22000.0,86
2024-07-30 02:06:00,22000.0,22018.0,21991.0,21992.0,64
2024-07-30 02:07:00,21994.0,22001.0,21993.0,21993.0,50
2024-07-30 02:08:00,21995.0,22024.0,21994.0,21995.0,34
2024-07-30 02:09:00,21996.0,21996.0,21987.0,21991.0,50
2024-07-30 02:10:00,21993.0,21994.0,21987.0,21990.0,40
2024-07-30 02:11:00,21991.0,22000.0,21990.0,22000.0,48
2024-07-30 02:12:00,22001.0,22005.0,21998.0,22004.0,96
2024-07-30 02:13:00,22002.0,22003.0,22001.0,22003.0,18
2024-07-30 02:14:00,22002.0,22002.0,22000.0,22000.0,8
2024-07-30 02:15:00,21999.0,22000.0,21984.0,21984.0,110
2024-07-30 02:16:00,21983.0,22014.0,21981.0,21985.0,132
2024-07-30 02:17:00,21986.0,21991.0,21986.0,21991.0,26
2024-07-30 02:18:00,21992.0,22023.0,21988.0,21992.0,28
2024-07-30 02:19:00,21995.0,22002.0,21995.0,22001.0,66
2024-07-30 02:20:00,22001.0,22035.0,22000.0,22004.0,124
2024-07-30 02:21:00,22004.0,22004.0,22000.0,22001.0,18
2024-07-30 02:22:00,22001.0,22023.0,21996.0,21999.0,34
2024-07-30 02:23:00,21998.0,22022.0,21995.0,21997.0,26
2024-07-30 02:24:00,21997.0,22001.0,21997.0,21999.0,10
2024-07-30 02:25:00,21998.0,22000.0,21997.0,21997.0,24
2024-07-30 02:26:00,22000.0,22002.0,21999.0,22002.0,32
2024-07-30 02:27:00,21998.0,22004.0,21997.0,22000.0,24
2024-07-30 02:28:00,22000.0,22002.0,21997.0,21998.0,26
2024-07-30 02:29:00,21995.0,22000.0,21995.0,21998.0,14
2024-07-30 02:30:00,21996.0,22000.0,21996.0,21996.0,56
2024-07-30 02:31:00,21996.0,21997.0,21988.0,21988.0,38
2024-07-30 02:32:00,21988.0,21991.0,21988.0,21991.0,34
2024-07-30 02:33:00,21989.0,22121.0,21988.0,22121.0,34
2024-07-30 02:34:00,21992.0,22002.0,21992.0,22001.0,30
2024-07-30 02:35:00,22001.0,22001.0,21996.0,21996.0,18
2024-07-30 02:36:00,21994.0,21994.0,21991.0,21993.0,18
2024-07-30 02:37:00,21996.0,21999.0,21996.0,21998.0,14
2024-07-30 02:38:00,21996.0,21997.0,21986.0,21988.0,68
2024-07-30 02:39:00,21988.0,21988.0,21984.0,21984.0,46
2024-07-30 02:40:00,21985.0,22013.0,21984.0,21990.0,42
2024-07-30 02:41:00,21985.0,21988.0,21985.0,21988.0,4
2024-07-30 02:42:00,21993.0,21997.0,21991.0,21997.0,38
2024-07-30 02:43:00,21997.0,22000.0,21996.0,22000.0,58
2024-07-30 02:44:00,22000.0,22003.0,21993.0,21993.0,74
2024-07-30 02:45:00,21994.0,22025.0,21992.0,21995.0,74
2024-07-30 02:46:00,21994.0,21995.0,21991.0,21992.0,14
2024-07-30 02:47:00,21995.0,21998.0,21985.0,21985.0,54
2024-07-30 02:48:00,21983.0,21987.0,21982.0,21984.0,44
2024-07-30 02:49:00,21988.0,21990.0,21986.0,21989.0,48
2024-07-30 02:50:00,21990.0,21993.0,21979.0,21984.0,70
2024-07-30 02:51:00,21985.0,21987.0,21985.0,21985.0,16
2024-07-30 02:52:00,21988.0,21992.0,21987.0,21987.0,46
2024-07-30 02:53:00,21989.0,21989.0,21982.0,21982.0,24
2024-07-30 02:54:00,21982.0,22013.0,21982.0,21986.0,46
2024-07-30 02:55:00,21987.0,21995.0,21987.0,21993.0,48
2024-07-30 02:56:00,21995.0,22022.0,21995.0,21999.0,18
2024-07-30 02:57:00,22000.0,22025.0,21997.0,22025.0,42
2024-07-30 02:58:00,21997.0,22034.0,21997.0,22006.0,42
2024-07-30 02:59:00,22006.0,22006.0,22002.0,22002.0,50
2024-07-30 03:00:00,22003.0,22006.0,21993.0,22005.0,184
2024-07-30 03:01:00,22008.0,22045.0,22008.0,22020.0,246
2024-07-30 03:02:00,22045.0,22045.0,22020.0,22020.0,104
2024-07-30 03:03:00,22018.0,22044.0,22014.0,22027.0,126
2024-07-30 03:04:00,22025.0,22049.0,22021.0,22049.0,102
2024-07-30 03:05:00,22023.0,22026.0,22022.0,22026.0,32
2024-07-30 03:06:00,22024.0,22025.0,22021.0,22023.0,80
2024-07-30 03:07:00,22019.0,22019.0,22010.0,22018.0,102
2024-07-30 03:08:00,22014.0,22014.0,22005.0,22005.0,54
2024-07-30 03:09:00,22005.0,22006.0,22000.0,22003.0,70
2024-07-30 03:10:00,22003.0,22009.0,22003.0,22006.0,30
2024-07-30 03:11:00,22006.0,22010.0,22006.0,22010.0,32
2024-07-30 03:12:00,22010.0,22032.0,22005.0,22032.0,20
2024-07-30 03:13:00,22009.0,22009.0,22003.0,22005.0,18
2024-07-30 03:14:00,,,,,0
2024-07-30 03:15:00,22004.0,22006.0,22002.0,22006.0,24
2024-07-30 03:16:00,22001.0,22004.0,21991.0,21992.0,104
2024-07-30 03:17:00,21992.0,21995.0,21989.0,21995.0,76
2024-07-30 03:18:00,21996.0,22000.0,21990.0,22000.0,28
2024-07-30 03:19:00,21997.0,22001.0,21997.0,22001.0,18
2024-07-30 03:20:00,22001.0,22001.0,21997.0,21997.0,24
2024-07-30 03:21:00,21994.0,22004.0,21994.0,22002.0,24
2024-07-30 03:22:00,22006.0,22012.0,22006.0,22011.0,54
2024-07-30 03:23:00,22010.0,22011.0,22008.0,22011.0,28
2024-07-30 03:24:00,22008.0,22009.0,22005.0,22009.0,18
2024-07-30 03:25:00,22008.0,22036.0,22001.0,22001.0,90
2024-07-30 03:26:00,22001.0,22004.0,22001.0,22003.0,16
2024-07-30 03:27:00,22008.0,22008.0,22006.0,22006.0,18
2024-07-30 03:28:00,22008.0,22009.0,22002.0,22008.0,114
2024-07-30 03:29:00,22003.0,22030.0,22001.0,22030.0,34
2024-07-30 03:30:00,22005.0,22007.0,21999.0,22003.0,46
2024-07-30 03:31:00,22006.0,22006.0,22003.0,22004.0,14
2024-07-30 03:32:00,22003.0,22005.0,21999.0,21999.0,22
2024-07-30 03:33:00,22000.0,22002.0,22000.0,22002.0,6
2024-07-30 03:34:00,22005.0,22006.0,22001.0,22002.0,52
2024-07-30 03:35:00,22005.0,22005.0,22002.0,22002.0,32
2024-07-30 03:36:00,22006.0,22037.0,22005.0,22011.0,684
2024-07-30 03:37:00,22010.0,22011.0,22004.0,22005.0,52
2024-07-30 03:38:00,22008.0,22013.0,22008.0,22010.0,28
2024-07-30 03:39:00,22008.0,22013.0,22008.0,22013.0,16
2024-07-30 03:40:00,22014.0,22016.0,22012.0,22016.0,58
2024-07-30 03:41:00,22017.0,22019.0,22016.0,22016.0,44
2024-07-30 03:42:00,22016.0,22018.0,22011.0,22012.0,34
2024-07-30 03:43:00,22012.0,22013.0,22012.0,22013.0,6
2024-07-30 03:44:00,22011.0,22012.0,22008.0,22012.0,32
2024-07-30 03:45:00,22015.0,22022.0,22013.0,22021.0,90
2024-07-30 03:46:00,22020.0,22020.0,22019.0,22019.0,14
2024-07-30 03:47:00,22020.0,22021.0,22019.0,22019.0,12
2024-07-30 03:48:00,22019.0,22021.0,22009.0,22013.0,66
2024-07-30 03:49:00,22008.0,22008.0,22003.0,22005.0,28
2024-07-30 03:50:00,22008.0,22011.0,22002.0,22002.0,26
2024-07-30 03:51:00,22004.0,22009.0,22001.0,22008.0,44
2024-07-30 03:52:00,22007.0,22012.0,22003.0,22004.0,34
2024-07-30 03:53:00,22003.0,22004.0,21999.0,21999.0,96
2024-07-30 03:54:00,21999.0,21999.0,21990.0,21993.0,114
2024-07-30 03:55:00,21994.0,21997.0,21992.0,21992.0,32
2024-07-30 03:56:00,21990.0,22017.0,21987.0,21990.0,64
2024-07-30 03:57:00,21989.0,22014.0,21980.0,21986.0,64
2024-07-30 03:58:00,21987.0,22014.0,21982.0,21983.0,30
2024-07-30 03:59:00,21984.0,22012.0,21979.0,21983.0,104
2024-07-30 04:00:00,21987.0,22018.0,21987.0,21993.0,214
2024-07-30 04:01:00,21992.0,22020.0,21992.0,22005.0,182
2024-07-30 04:02:00,22001.0,22005.0,21997.0,21997.0,18
2024-07-30 04:03:00,21994.0,21996.0,21994.0,21996.0,4
2024-07-30 04:04:00,21997.0,21997.0,21997.0,21997.0,2
2024-07-30 04:05:00,21997.0,21999.0,21996.0,21997.0,18
2024-07-30 04:06:00,22000.0,22030.0,21996.0,21996.0,18
2024-07-30 04:07:00,21996.0,22027.0,21996.0,22027.0,30
2024-07-30 04:08:00,21999.0,22026.0,21997.0,22000.0,32
2024-07-30 04:09:00,22003.0,22003.0,22001.0,22001.0,16
2024-07-30 04:10:00,22000.0,22027.0,21996.0,22001.0,62
2024-07-30 04:11:00,21998.0,21999.0,21997.0,21999.0,10
2024-07-30 04:12:00,21997.0,22031.0,21995.0,22002.0,56
2024-07-30 04:13:00,22002.0,22185.0,22000.0,22000.0,46
2024-07-30 04:14:00,22000.0,22004.0,22000.0,22001.0,22
2024-07-30 04:15:00,22000.0,22007.0,22000.0,22000.0,58
2024-07-30 04:16:00,22003.0,22027.0,21999.0,21999.0,30
2024-07-30 04:17:00,22000.0,22004.0,22000.0,22004.0,10
2024-07-30 04:18:00,22003.0,22003.0,22002.0,22002.0,6
2024-07-30 04:19:00,22001.0,22004.0,22001.0,22003.0,28
2024-07-30 04:20:00,22002.0,22030.0,22002.0,22004.0,38
2024-07-30 04:21:00,22004.0,22007.0,22003.0,22003.0,36
2024-07-30 04:22:00,22003.0,22007.0,22003.0,22004.0,8
2024-07-30 04:23:00,22002.0,22002.0,22002.0,22002.0,2
2024-07-30 04:24:00,22001.0,22003.0,22001.0,22003.0,8
2024-07-30 04:25:00,22002.0,22008.0,22002.0,22003.0,46
2024-07-30 04:26:00,22006.0,22010.0,22003.0,22007.0,38
2024-07-30 04:27:00,22006.0,22009.0,22006.0,22006.0,10
2024-07-30 04:28:00,22010.0,22013.0,22008.0,22008.0,32
2024-07-30 04:29:00,22009.0,22009.0,22007.0,22007.0,12
2024-07-30 04:30:00,22009.0,22049.0,22008.0,22019.0,214
2024-07-30 04:31:00,22021.0,22222.0,22018.0,22020.0,638
2024-07-30 04:32:00,22022.0,22047.0,22015.0,22021.0,110
2024-07-30 04:33:00,22020.0,22025.0,22017.0,22018.0,94
2024-07-30 04:34:00,22018.0,22020.0,22013.0,22013.0,52
2024-07-30 04:35:00,22013.0,22018.0,22012.0,22015.0,40
2024-07-30 04:36:00,22015.0,22020.0,22015.0,22015.0,24
2024-07-30 04:37:00,22016.0,22016.0,22013.0,22014.0,12
2024-07-30 04:38:00,22014.0,22014.0,22014.0,22014.0,10
2024-07-30 04:39:00,22014.0,22014.0,22013.0,22013.0,4
2024-07-30 04:40:00,22012.0,22018.0,22011.0,22011.0,68
2024-07-30 04:41:00,22010.0,22014.0,22009.0,22009.0,34
2024-07-30 04:42:00,22011.0,22015.0,22010.0,22012.0,24
2024-07-30 04:43:00,22014.0,22014.0,22008.0,22008.0,20
2024-07-30 04:44:00,22010.0,22018.0,22010.0,22012.0,88
2024-07-30 04:45:00,22015.0,22017.0,22005.0,22008.0,90
2024-07-30 04:46:00,22007.0,22041.0,22007.0,22008.0,24
2024-07-30 04:47:00,22007.0,22007.0,22002.0,22002.0,48
2024-07-30 04:48:00,22004.0,22007.0,22004.0,22006.0,16
2024-07-30 04:49:00,22007.0,22012.0,22007.0,22011.0,54
2024-07-30 04:50:00,22010.0,22013.0,22005.0,22009.0,102
2024-07-30 04:51:00,22007.0,22020.0,22004.0,22008.0,164
2024-07-30 04:52:00,22005.0,22009.0,22005.0,22009.0,8
2024-07-30 04:53:00,22008.0,22008.0,22004.0,22004.0,12
2024-07-30 04:54:00,22006.0,22006.0,22005.0,22005.0,12
2024-07-30 04:55:00,22006.0,22033.0,22005.0,22007.0,42
2024-07-30 04:56:00,22005.0,22010.0,22005.0,22005.0,40
2024-07-30 04:57:00,22006.0,22008.0,22005.0,22005.0,24
2024-07-30 04:58:00,22005.0,22008.0,22005.0,22005.0,42
2024-07-30 04:59:00,22005.0,22031.0,21995.0,22001.0,220
2024-07-30 05:00:00,,,,,0
2024-07-30 05:01:00,,,,,0
2024-07-30 05:02:00,,,,,0
2024-07-30 05:03:00,,,,,0
2024-07-30 05:04:00,,,,,0
2024-07-30 05:05:00,,,,,0
2024-07-30 05:06:00,,,,,0
2024-07-30 05:07:00,,,,,0
2024-07-30 05:08:00,,,,,0
2024-07-30 05:09:00,,,,,0
2024-07-30 05:10:00,,,,,0
2024-07-30 05:11:00,,,,,0
2024-07-30 05:12:00,,,,,0
2024-07-30 05:13:00,,,,,0
2024-07-30 05:14:00,,,,,0
2024-07-30 05:15:00,,,,,0
2024-07-30 05:16:00,,,,,0
2024-07-30 05:17:00,,,,,0
2024-07-30 05:18:00,,,,,0
2024-07-30 05:19:00,,,,,0
2024-07-30 05:20:00,,,,,0
2024-07-30 05:21:00,,,,,0
2024-07-30 05:22:00,,,,,0
2024-07-30 05:23:00,,,,,0
2024-07-30 05:24:00,,,,,0
2024-07-30 05:25:00,,,,,0
2024-07-30 05:26:00,,,,,0
2024-07-30 05:27:00,,,,,0
2024-07-30 05:28:00,,,,,0
2024-07-30 05:29:00,,,,,0
2024-07-30 05:30:00,,,,,0
2024-07-30 05:31:00,,,,,0
2024-07-30 05:32:00,,,,,0
2024-07-30 05:33:00,,,,,0
2024-07-30 05:34:00,,,,,0
2024-07-30 05:35:00,,,,,0
2024-07-30 05:36:00,,,,,0
2024-07-30 05:37:00,,,,,0
2024-07-30 05:38:00,,,,,0
2024-07-30 05:39:00,,,,,0
2024-07-30 05:40:00,,,,,0
2024-07-30 05:41:00,,,,,0
2024-07-30 05:42:00,,,,,0
2024-07-30 05:43:00,,,,,0
2024-07-30 05:44:00,,,,,0
2024-07-30 05:45:00,,,,,0
2024-07-30 05:46:00,,,,,0
2024-07-30 05:47:00,,,,,0
2024-07-30 05:48:00,,,,,0
2024-07-30 05:49:00,,,,,0
2024-07-30 05:50:00,,,,,0
2024-07-30 05:51:00,,,,,0
2024-07-30 05:52:00,,,,,0
2024-07-30 05:53:00,,,,,0
2024-07-30 05:54:00,,,,,0
2024-07-30 05:55:00,,,,,0
2024-07-30 05:56:00,,,,,0
2024-07-30 05:57:00,,,,,0
2024-07-30 05:58:00,,,,,0
2024-07-30 05:59:00,,,,,0
2024-07-30 06:00:00,,,,,0
2024-07-30 06:01:00,,,,,0
2024-07-30 06:02:00,,,,,0
2024-07-30 06:03:00,,,,,0
2024-07-30 06:04:00,,,,,0
2024-07-30 06:05:00,,,,,0
2024-07-30 06:06:00,,,,,0
2024-07-30 06:07:00,,,,,0
2024-07-30 06:08:00,,,,,0
2024-07-30 06:09:00,,,,,0
2024-07-30 06:10:00,,,,,0
2024-07-30 06:11:00,,,,,0
2024-07-30 06:12:00,,,,,0
2024-07-30 06:13:00,,,,,0
2024-07-30 06:14:00,,,,,0
2024-07-30 06:15:00,,,,,0
2024-07-30 06:16:00,,,,,0
2024-07-30 06:17:00,,,,,0
2024-07-30 06:18:00,,,,,0
2024-07-30 06:19:00,,,,,0
2024-07-30 06:20:00,,,,,0
2024-07-30 06:21:00,,,,,0
2024-07-30 06:22:00,,,,,0
2024-07-30 06:23:00,,,,,0
2024-07-30 06:24:00,,,,,0
2024-07-30 06:25:00,,,,,0
2024-07-30 06:26:00,,,,,0
2024-07-30 06:27:00,,,,,0
2024-07-30 06:28:00,,,,,0
2024-07-30 06:29:00,,,,,0
2024-07-30 06:30:00,,,,,0
2024-07-30 06:31:00,,,,,0
2024-07-30 06:32:00,,,,,0
2024-07-30 06:33:00,,,,,0
2024-07-30 06:34:00,,,,,0
2024-07-30 06:35:00,,,,,0
2024-07-30 06:36:00,,,,,0
2024-07-30 06:37:00,,,,,0
2024-07-30 06:38:00,,,,,0
2024-07-30 06:39:00,,,,,0
2024-07-30 06:40:00,,,,,0
2024-07-30 06:41:00,,,,,0
2024-07-30 06:42:00,,,,,0
2024-07-30 06:43:00,,,,,0
2024-07-30 06:44:00,,,,,0
2024-07-30 06:45:00,,,,,0
2024-07-30 06:46:00,,,,,0
2024-07-30 06:47:00,,,,,0
2024-07-30 06:48:00,,,,,0
2024-07-30 06:49:00,,,,,0
2024-07-30 06:50:00,,,,,0
2024-07-30 06:51:00,,,,,0
2024-07-30 06:52:00,,,,,0
2024-07-30 06:53:00,,,,,0
2024-07-30 06:54:00,,,,,0
2024-07-30 06:55:00,,,,,0
2024-07-30 06:56:00,,,,,0
2024-07-30 06:57:00,,,,,0
2024-07-30 06:58:00,,,,,0
2024-07-30 06:59:00,,,,,0
2024-07-30 07:00:00,,,,,0
2024-07-30 07:01:00,,,,,0
2024-07-30 07:02:00,,,,,0
2024-07-30 07:03:00,,,,,0
2024-07-30 07:04:00,,,,,0
2024-07-30 07:05:00,,,,,0
2024-07-30 07:06:00,,,,,0
2024-07-30 07:07:00,,,,,0
2024-07-30 07:08:00,,,,,0
2024-07-30 07:09:00,,,,,0
2024-07-30 07:10:00,,,,,0
2024-07-30 07:11:00,,,,,0
2024-07-30 07:12:00,,,,,0
2024-07-30 07:13:00,,,,,0
2024-07-30 07:14:00,,,,,0
2024-07-30 07:15:00,,,,,0
2024-07-30 07:16:00,,,,,0
2024-07-30 07:17:00,,,,,0
2024-07-30 07:18:00,,,,,0
2024-07-30 07:19:00,,,,,0
2024-07-30 07:20:00,,,,,0
2024-07-30 07:21:00,,,,,0
2024-07-30 07:22:00,,,,,0
2024-07-30 07:23:00,,,,,0
2024-07-30 07:24:00,,,,,0
2024-07-30 07:25:00,,,,,0
2024-07-30 07:26:00,,,,,0
2024-07-30 07:27:00,,,,,0
2024-07-30 07:28:00,,,,,0
2024-07-30 07:29:00,,,,,0
2024-07-30 07:30:00,,,,,0
2024-07-30 07:31:00,,,,,0
2024-07-30 07:32:00,,,,,0
2024-07-30 07:33:00,,,,,0
2024-07-30 07:34:00,,,,,0
2024-07-30 07:35:00,,,,,0
2024-07-30 07:36:00,,,,,0
2024-07-30 07:37:00,,,,,0
2024-07-30 07:38:00,,,,,0
2024-07-30 07:39:00,,,,,0
2024-07-30 07:40:00,,,,,0
2024-07-30 07:41:00,,,,,0
2024-07-30 07:42:00,,,,,0
2024-07-30 07:43:00,,,,,0
2024-07-30 07:44:00,,,,,0
2024-07-30 07:45:00,,,,,0
2024-07-30 07:46:00,,,,,0
2024-07-30 07:47:00,,,,,0
2024-07-30 07:48:00,,,,,0
2024-07-30 07:49:00,,,,,0
2024-07-30 07:50:00,,,,,0
2024-07-30 07:51:00,,,,,0
2024-07-30 07:52:00,,,,,0
2024-07-30 07:53:00,,,,,0
2024-07-30 07:54:00,,,,,0
2024-07-30 07:55:00,,,,,0
2024-07-30 07:56:00,,,,,0
2024-07-30 07:57:00,,,,,0
2024-07-30 07:58:00,,,,,0
2024-07-30 07:59:00,,,,,0
2024-07-30 08:00:00,,,,,0
2024-07-30 08:01:00,,,,,0
2024-07-30 08:02:00,,,,,0
2024-07-30 08:03:00,,,,,0
2024-07-30 08:04:00,,,,,0
2024-07-30 08:05:00,,,,,0
2024-07-30 08:06:00,,,,,0
2024-07-30 08:07:00,,,,,0
2024-07-30 08:08:00,,,,,0
2024-07-30 08:09:00,,,,,0
2024-07-30 08:10:00,,,,,0
2024-07-30 08:11:00,,,,,0
2024-07-30 08:12:00,,,,,0
2024-07-30 08:13:00,,,,,0
2024-07-30 08:14:00,,,,,0
2024-07-30 08:15:00,,,,,0
2024-07-30 08:16:00,,,,,0
2024-07-30 08:17:00,,,,,0
2024-07-30 08:18:00,,,,,0
2024-07-30 08:19:00,,,,,0
2024-07-30 08:20:00,,,,,0
2024-07-30 08:21:00,,,,,0
2024-07-30 08:22:00,,,,,0
2024-07-30 08:23:00,,,,,0
2024-07-30 08:24:00,,,,,0
2024-07-30 08:25:00,,,,,0
2024-07-30 08:26:00,,,,,0
2024-07-30 08:27:00,,,,,0
2024-07-30 08:28:00,,,,,0
2024-07-30 08:29:00,,,,,0
2024-07-30 08:30:00,,,,,0
2024-07-30 08:31:00,,,,,0
2024-07-30 08:32:00,,,,,0
2024-07-30 08:33:00,,,,,0
2024-07-30 08:34:00,,,,,0
2024-07-30 08:35:00,,,,,0
2024-07-30 08:36:00,,,,,0
2024-07-30 08:37:00,,,,,0
2024-07-30 08:38:00,,,,,0
2024-07-30 08:39:00,,,,,0
2024-07-30 08:40:00,,,,,0
2024-07-30 08:41:00,,,,,0
2024-07-30 08:42:00,,,,,0
2024-07-30 08:43:00,,,,,0
2024-07-30 08:44:00,,,,,0
2024-07-30 08:45:00,21933.0,22050.0,21910.0,21955.0,3990
2024-07-30 08:46:00,21954.0,21980.0,21927.0,21950.0,1978
2024-07-30 08:47:00,21952.0,21985.0,21941.0,21981.0,788
2024-07-30 08:48:00,21956.0,22004.0,21953.0,22004.0,662
2024-07-30 08:49:00,21975.0,22005.0,21965.0,21978.0,582
2024-07-30 08:50:00,21976.0,22020.0,21972.0,21994.0,1036
2024-07-30 08:51:00,21994.0,21994.0,21977.0,21977.0,718
2024-07-30 08:52:00,21978.0,22019.0,21973.0,22006.0,904
2024-07-30 08:53:00,22005.0,22029.0,21991.0,21997.0,452
2024-07-30 08:54:00,22000.0,22033.0,21997.0,22003.0,354
2024-07-30 08:55:00,22000.0,22100.0,21994.0,21997.0,372
2024-07-30 08:56:00,21997.0,22208.0,21995.0,22003.0,330
2024-07-30 08:57:00,22004.0,22005.0,21983.0,21998.0,490
2024-07-30 08:58:00,21998.0,22033.0,21977.0,22007.0,642
2024-07-30 08:59:00,22008.0,22042.0,21987.0,21999.0,678
2024-07-30 09:00:00,22001.0,22050.0,22000.0,22007.0,1894
2024-07-30 09:01:00,22005.0,22030.0,21991.0,22014.0,1634
2024-07-30 09:02:00,22015.0,22158.0,22007.0,22020.0,836
2024-07-30 09:03:00,22018.0,22028.0,21967.0,22005.0,1616
2024-07-30 09:04:00,21975.0,22016.0,21953.0,21960.0,1554
2024-07-30 09:05:00,21960.0,22095.0,21940.0,21944.0,2092
2024-07-30 09:06:00,21949.0,22062.0,21933.0,21938.0,1690
2024-07-30 09:07:00,21939.0,22026.0,21927.0,21932.0,1312
2024-07-30 09:08:00,21933.0,22108.0,21894.0,21908.0,5040
2024-07-30 09:09:00,21908.0,22089.0,21901.0,21995.0,2454
2024-07-30 09:10:00,21970.0,22020.0,21968.0,21993.0,2756
2024-07-30 09:11:00,21993.0,22152.0,21978.0,22046.0,3288
2024-07-30 09:12:00,22043.0,22102.0,22040.0,22065.0,3300
2024-07-30 09:13:00,22066.0,22088.0,22044.0,22049.0,1342
2024-07-30 09:14:00,22048.0,22088.0,22036.0,22051.0,998
2024-07-30 09:15:00,22052.0,22073.0,22042.0,22048.0,970
2024-07-30 09:16:00,22049.0,22051.0,22029.0,22033.0,1012
2024-07-30 09:17:00,22032.0,22072.0,22025.0,22050.0,1008
2024-07-30 09:18:00,22052.0,22168.0,22049.0,22073.0,1272
2024-07-30 09:19:00,22071.0,22101.0,22060.0,22067.0,844
2024-07-30 09:20:00,22068.0,22090.0,22028.0,22045.0,1532
2024-07-30 09:21:00,22044.0,22055.0,22035.0,22049.0,698
2024-07-30 09:22:00,22049.0,22069.0,22033.0,22033.0,628
2024-07-30 09:23:00,22035.0,22046.0,22022.0,22033.0,688
2024-07-30 09:24:00,22035.0,22220.0,22005.0,22011.0,928
2024-07-30 09:25:00,22014.0,22045.0,22005.0,22011.0,1022
2024-07-30 09:26:00,22011.0,22033.0,21996.0,22020.0,1266
2024-07-30 09:27:00,22020.0,22056.0,22008.0,22029.0,576
2024-07-30 09:28:00,22028.0,22040.0,21983.0,21989.0,1104
2024-07-30 09:29:00,21991.0,22020.0,21983.0,21999.0,660
2024-07-30 09:30:00,21997.0,22080.0,21969.0,21980.0,1120
2024-07-30 09:31:00,21978.0,22000.0,21955.0,21961.0,1044
2024-07-30 09:32:00,21960.0,22007.0,21952.0,21968.0,960
2024-07-30 09:33:00,21965.0,21975.0,21961.0,21969.0,408
2024-07-30 09:34:00,21969.0,22016.0,21965.0,22015.0,968
2024-07-30 09:35:00,21986.0,22082.0,21973.0,21982.0,654
2024-07-30 09:36:00,21982.0,22065.0,21931.0,21932.0,1756
2024-07-30 09:37:00,21933.0,22110.0,21888.0,21902.0,3598
2024-07-30 09:38:00,21903.0,22037.0,21894.0,21940.0,2206
2024-07-30 09:39:00,21939.0,21979.0,21931.0,21979.0,1026
2024-07-30 09:40:00,21950.0,21979.0,21939.0,21944.0,670
2024-07-30 09:41:00,21947.0,21970.0,21927.0,21927.0,674
2024-07-30 09:42:00,21927.0,21964.0,21924.0,21931.0,552
2024-07-30 09:43:00,21931.0,22012.0,21911.0,21915.0,1118
2024-07-30 09:44:00,21917.0,22057.0,21906.0,21922.0,906
2024-07-30 09:45:00,21918.0,22109.0,21903.0,21913.0,944
2024-07-30 09:46:00,21912.0,22101.0,21869.0,21881.0,4262
2024-07-30 09:47:00,21881.0,21904.0,21868.0,21882.0,1200
2024-07-30 09:48:00,21881.0,21910.0,21864.0,21869.0,978
2024-07-30 09:49:00,21870.0,21898.0,21865.0,21873.0,752
2024-07-30 09:50:00,21871.0,21895.0,21857.0,21864.0,1324
2024-07-30 09:51:00,21863.0,21901.0,21858.0,21870.0,590
2024-07-30 09:52:00,21869.0,22006.0,21864.0,21885.0,964
2024-07-30 09:53:00,21885.0,21929.0,21874.0,21906.0,1358
2024-07-30 09:54:00,21876.0,21917.0,21876.0,21890.0,698
2024-07-30 09:55:00,21891.0,22022.0,21881.0,21888.0,592
2024-07-30 09:56:00,21887.0,21978.0,21864.0,21906.0,804
2024-07-30 09:57:00,21876.0,21880.0,21870.0,21874.0,328
2024-07-30 09:58:00,21875.0,21888.0,21874.0,21888.0,326
2024-07-30 09:59:00,21888.0,21920.0,21870.0,21906.0,544
2024-07-30 10:00:00,21875.0,22045.0,21834.0,21850.0,3088
2024-07-30 10:01:00,21848.0,21926.0,21817.0,21847.0,2458
2024-07-30 10:02:00,21848.0,21886.0,21843.0,21847.0,804
2024-07-30 10:03:00,21847.0,21877.0,21831.0,21842.0,486
2024-07-30 10:04:00,21843.0,21905.0,21840.0,21862.0,1050
2024-07-30 10:05:00,21862.0,21933.0,21861.0,21903.0,1908
2024-07-30 10:06:00,21904.0,21950.0,21891.0,21891.0,1648
2024-07-30 10:07:00,21891.0,22091.0,21876.0,21877.0,1038
2024-07-30 10:08:00,21878.0,21888.0,21871.0,21873.0,406
2024-07-30 10:09:00,21873.0,21916.0,21870.0,21878.0,442
2024-07-30 10:10:00,21880.0,21893.0,21873.0,21886.0,458
2024-07-30 10:11:00,21884.0,21892.0,21880.0,21892.0,180
2024-07-30 10:12:00,21892.0,21922.0,21892.0,21907.0,788
2024-07-30 10:13:00,21907.0,21915.0,21897.0,21913.0,456
2024-07-30 10:14:00,21910.0,21947.0,21907.0,21913.0,626
2024-07-30 10:15:00,21914.0,21952.0,21902.0,21923.0,816
2024-07-30 10:16:00,21924.0,21955.0,21910.0,21917.0,604
2024-07-30 10:17:00,21915.0,21915.0,21896.0,21901.0,494
2024-07-30 10:18:00,21902.0,21995.0,21861.0,21862.0,872
2024-07-30 10:19:00,21866.0,21898.0,21853.0,21858.0,786
2024-07-30 10:20:00,21858.0,21898.0,21854.0,21868.0,468
2024-07-30 10:21:00,21869.0,21885.0,21864.0,21885.0,382
2024-07-30 10:22:00,21883.0,21893.0,21872.0,21880.0,332
2024-07-30 10:23:00,21883.0,21892.0,21874.0,21880.0,260
2024-07-30 10:24:00,21880.0,21889.0,21875.0,21880.0,216
2024-07-30 10:25:00,21881.0,21885.0,21867.0,21870.0,434
2024-07-30 10:26:00,21874.0,22009.0,21860.0,21873.0,452
2024-07-30 10:27:00,21874.0,21882.0,21870.0,21877.0,166
2024-07-30 10:28:00,21877.0,21881.0,21863.0,21867.0,292
2024-07-30 10:29:00,21870.0,21877.0,21867.0,21874.0,156
2024-07-30 10:30:00,21875.0,21898.0,21857.0,21867.0,560
2024-07-30 10:31:00,21865.0,21974.0,21822.0,21830.0,1604
2024-07-30 10:32:00,21831.0,21860.0,21821.0,21842.0,1040
2024-07-30 10:33:00,21842.0,21878.0,21829.0,21831.0,508
2024-07-30 10:34:00,21832.0,21866.0,21825.0,21834.0,330
2024-07-30 10:35:00,21836.0,21960.0,21809.0,21826.0,1756
2024-07-30 10:36:00,21827.0,21829.0,21811.0,21828.0,656
2024-07-30 10:37:00,21828.0,21864.0,21826.0,21829.0,486
2024-07-30 10:38:00,21829.0,21892.0,21828.0,21847.0,892
2024-07-30 10:39:00,21848.0,21888.0,21840.0,21855.0,474
2024-07-30 10:40:00,21857.0,21858.0,21843.0,21851.0,466
2024-07-30 10:41:00,21852.0,21881.0,21845.0,21854.0,322
2024-07-30 10:42:00,21854.0,21854.0,21840.0,21846.0,232
2024-07-30 10:43:00,21845.0,21863.0,21831.0,21839.0,326
2024-07-30 10:44:00,21840.0,21840.0,21826.0,21830.0,484
2024-07-30 10:45:00,21831.0,21858.0,21823.0,21833.0,544
2024-07-30 10:46:00,21833.0,21875.0,21829.0,21843.0,276
2024-07-30 10:47:00,21842.0,21878.0,21842.0,21858.0,866
2024-07-30 10:48:00,21857.0,21859.0,21849.0,21849.0,260
2024-07-30 10:49:00,21851.0,21875.0,21842.0,21851.0,352
2024-07-30 10:50:00,21852.0,21911.0,21849.0,21870.0,1318
2024-07-30 10:51:00,21869.0,22022.0,21868.0,21908.0,942
2024-07-30 10:52:00,21879.0,21880.0,21870.0,21877.0,354
2024-07-30 10:53:00,21876.0,21919.0,21875.0,21890.0,550
2024-07-30 10:54:00,21887.0,21893.0,21875.0,21876.0,442
2024-07-30 10:55:00,21877.0,21877.0,21861.0,21869.0,496
2024-07-30 10:56:00,21869.0,21870.0,21863.0,21869.0,206
2024-07-30 10:57:00,21869.0,21884.0,21869.0,21878.0,270
2024-07-30 10:58:00,21880.0,21882.0,21871.0,21872.0,248
2024-07-30 10:59:00,21871.0,21874.0,21868.0,21870.0,140
2024-07-30 11:00:00,21870.0,21877.0,21856.0,21856.0,386
2024-07-30 11:01:00,21858.0,21859.0,21847.0,21856.0,722
2024-07-30 11:02:00,21855.0,21862.0,21848.0,21858.0,188
2024-07-30 11:03:00,21857.0,21865.0,21856.0,21857.0,142
2024-07-30 11:04:00,21857.0,21886.0,21857.0,21886.0,382
2024-07-30 11:05:00,21885.0,21888.0,21874.0,21888.0,368
2024-07-30 11:06:00,21887.0,21925.0,21882.0,21883.0,816
2024-07-30 11:07:00,21884.0,21907.0,21879.0,21904.0,726
2024-07-30 11:08:00,21901.0,21910.0,21900.0,21906.0,594
2024-07-30 11:09:00,21905.0,21909.0,21895.0,21897.0,448
2024-07-30 11:10:00,21896.0,21937.0,21895.0,21909.0,584
2024-07-30 11:11:00,21909.0,22009.0,21908.0,21911.0,468
2024-07-30 11:12:00,21912.0,21937.0,21906.0,21911.0,262
2024-07-30 11:13:00,21911.0,21940.0,21907.0,21911.0,170
2024-07-30 11:14:00,21912.0,21940.0,21910.0,21919.0,328
2024-07-30 11:15:00,21919.0,22068.0,21919.0,21977.0,4768
2024-07-30 11:16:00,21975.0,22070.0,21955.0,21956.0,1244
2024-07-30 11:17:00,21957.0,22060.0,21957.0,21967.0,644
2024-07-30 11:18:00,21969.0,22096.0,21952.0,21959.0,422
2024-07-30 11:19:00,21958.0,21961.0,21947.0,21957.0,438
2024-07-30 11:20:00,21958.0,21973.0,21958.0,21972.0,832
2024-07-30 11:21:00,21970.0,21990.0,21955.0,21958.0,304
2024-07-30 11:22:00,21957.0,21970.0,21954.0,21964.0,284
2024-07-30 11:23:00,21964.0,21985.0,21951.0,21952.0,234
2024-07-30 11:24:00,21951.0,22081.0,21931.0,21936.0,942
2024-07-30 11:25:00,21936.0,21965.0,21933.0,21960.0,750
2024-07-30 11:26:00,21960.0,21963.0,21951.0,21955.0,238
2024-07-30 11:27:00,21955.0,21982.0,21948.0,21952.0,198
2024-07-30 11:28:00,21951.0,21952.0,21942.0,21950.0,198
2024-07-30 11:29:00,21950.0,21953.0,21946.0,21950.0,202
2024-07-30 11:30:00,21951.0,22051.0,21951.0,21961.0,388
2024-07-30 11:31:00,21960.0,21960.0,21950.0,21951.0,208
2024-07-30 11:32:00,21951.0,21961.0,21925.0,21934.0,710
2024-07-30 11:33:00,21935.0,21945.0,21935.0,21937.0,268
2024-07-30 11:34:00,21937.0,21948.0,21932.0,21933.0,300
2024-07-30 11:35:00,21934.0,21945.0,21933.0,21945.0,188
2024-07-30 11:36:00,21945.0,21989.0,21943.0,21960.0,458
2024-07-30 11:37:00,21962.0,21995.0,21960.0,21964.0,500
2024-07-30 11:38:00,21965.0,21970.0,21961.0,21963.0,194
2024-07-30 11:39:00,21965.0,22000.0,21965.0,21981.0,450
2024-07-30 11:40:00,21980.0,22088.0,21976.0,21986.0,1226
2024-07-30 11:41:00,21987.0,22017.0,21985.0,21987.0,472
2024-07-30 11:42:00,21985.0,21995.0,21985.0,21990.0,232
2024-07-30 11:43:00,21993.0,22088.0,21987.0,21994.0,544
2024-07-30 11:44:00,21993.0,22150.0,21993.0,22031.0,2922
2024-07-30 11:45:00,22031.0,22093.0,22028.0,22050.0,2576
2024-07-30 11:46:00,22049.0,22078.0,22035.0,22042.0,1176
2024-07-30 11:47:00,22043.0,22133.0,22037.0,22045.0,582
2024-07-30 11:48:00,22043.0,22055.0,22022.0,22028.0,762
2024-07-30 11:49:00,22030.0,22053.0,22025.0,22042.0,420
2024-07-30 11:50:00,22042.0,22065.0,22033.0,22033.0,374
2024-07-30 11:51:00,22030.0,22100.0,22006.0,22019.0,790
2024-07-30 11:52:00,22021.0,22051.0,22018.0,22026.0,274
2024-07-30 11:53:00,22025.0,22027.0,22011.0,22018.0,240
2024-07-30 11:54:00,22016.0,22056.0,22016.0,22032.0,552
2024-07-30 11:55:00,22030.0,22042.0,22030.0,22041.0,366
2024-07-30 11:56:00,22038.0,22068.0,22036.0,22040.0,466
2024-07-30 11:57:00,22041.0,22043.0,22035.0,22035.0,236
2024-07-30 11:58:00,22036.0,22062.0,22030.0,22032.0,172
2024-07-30 11:59:00,22032.0,22127.0,22031.0,22047.0,330
2024-07-30 12:00:00,22047.0,22056.0,22043.0,22049.0,806
2024-07-30 12:01:00,22048.0,22088.0,22048.0,22064.0,666
2024-07-30 12:02:00,22062.0,22147.0,22045.0,22046.0,514
2024-07-30 12:03:00,22047.0,22230.0,22045.0,22105.0,3672
2024-07-30 12:04:00,22105.0,22220.0,22101.0,22143.0,3182
2024-07-30 12:05:00,22140.0,22163.0,22125.0,22128.0,1194
2024-07-30 12:06:00,22127.0,22158.0,22118.0,22125.0,740
2024-07-30 12:07:00,22127.0,22132.0,22107.0,22114.0,840
2024-07-30 12:08:00,22117.0,22207.0,22110.0,22207.0,728
2024-07-30 12:09:00,22120.0,22212.0,22115.0,22150.0,638
2024-07-30 12:10:00,22125.0,22143.0,22119.0,22124.0,594
2024-07-30 12:11:00,22125.0,22230.0,22100.0,22113.0,576
2024-07-30 12:12:00,22112.0,22138.0,22109.0,22113.0,358
2024-07-30 12:13:00,22116.0,22199.0,22111.0,22119.0,370
2024-07-30 12:14:00,22119.0,22139.0,22111.0,22121.0,216
2024-07-30 12:15:00,22121.0,22215.0,22119.0,22130.0,602
2024-07-30 12:16:00,22130.0,22227.0,22130.0,22143.0,730
2024-07-30 12:17:00,22144.0,22250.0,22144.0,22162.0,1152
2024-07-30 12:18:00,22161.0,22162.0,22143.0,22148.0,742
2024-07-30 12:19:00,22148.0,22175.0,22148.0,22162.0,432
2024-07-30 12:20:00,22161.0,22300.0,22160.0,22176.0,1126
2024-07-30 12:21:00,22174.0,22311.0,22173.0,22190.0,1206
2024-07-30 12:22:00,22192.0,22220.0,22191.0,22219.0,808
2024-07-30 12:23:00,22197.0,22315.0,22175.0,22178.0,1418
2024-07-30 12:24:00,22179.0,22310.0,22172.0,22179.0,604
2024-07-30 12:25:00,22180.0,22296.0,22161.0,22168.0,1164
2024-07-30 12:26:00,22168.0,22358.0,22155.0,22165.0,600
2024-07-30 12:27:00,22166.0,22196.0,22164.0,22172.0,410
2024-07-30 12:28:00,22170.0,22301.0,22165.0,22177.0,388
2024-07-30 12:29:00,22176.0,22207.0,22176.0,22193.0,640
2024-07-30 12:30:00,22192.0,22283.0,22190.0,22215.0,2264
2024-07-30 12:31:00,22214.0,22352.0,22211.0,22212.0,902
2024-07-30 12:32:00,22214.0,22340.0,22204.0,22212.0,650
2024-07-30 12:33:00,22212.0,22231.0,22197.0,22198.0,736
2024-07-30 12:34:00,22196.0,22223.0,22196.0,22211.0,332
2024-07-30 12:35:00,22209.0,22302.0,22204.0,22207.0,462
2024-07-30 12:36:00,22208.0,22280.0,22190.0,22194.0,982
2024-07-30 12:37:00,22194.0,22211.0,22158.0,22158.0,1238
2024-07-30 12:38:00,22159.0,22185.0,22158.0,22170.0,738
2024-07-30 12:39:00,22170.0,22177.0,22164.0,22164.0,396
2024-07-30 12:40:00,22166.0,22196.0,22164.0,22175.0,362
2024-07-30 12:41:00,22175.0,22179.0,22168.0,22174.0,334
2024-07-30 12:42:00,22171.0,22210.0,22170.0,22185.0,266
2024-07-30 12:43:00,22184.0,22211.0,22179.0,22193.0,402
2024-07-30 12:44:00,22191.0,22194.0,22181.0,22185.0,308
2024-07-30 12:45:00,22185.0,22210.0,22185.0,22210.0,750
2024-07-30 12:46:00,22184.0,22210.0,22184.0,22199.0,510
2024-07-30 12:47:00,22200.0,22203.0,22196.0,22203.0,204
2024-07-30 12:48:00,22200.0,22204.0,22194.0,22200.0,236
2024-07-30 12:49:00,22199.0,22224.0,22195.0,22201.0,204
2024-07-30 12:50:00,22200.0,22235.0,22200.0,22230.0,452
2024-07-30 12:51:00,22205.0,22247.0,22205.0,22220.0,588
2024-07-30 12:52:00,22219.0,22252.0,22219.0,22250.0,1312
2024-07-30 12:53:00,22225.0,22366.0,22225.0,22241.0,1134
2024-07-30 12:54:00,22241.0,22370.0,22236.0,22243.0,846
2024-07-30 12:55:00,22244.0,22269.0,22236.0,22240.0,624
2024-07-30 12:56:00,22240.0,22370.0,22239.0,22243.0,710
2024-07-30 12:57:00,22244.0,22275.0,22243.0,22251.0,746
2024-07-30 12:58:00,22250.0,22269.0,22239.0,22240.0,1084
2024-07-30 12:59:00,22240.0,22277.0,22238.0,22252.0,724
2024-07-30 13:00:00,22251.0,22301.0,22250.0,22265.0,1988
2024-07-30 13:01:00,22266.0,22398.0,22263.0,22281.0,1398
2024-07-30 13:02:00,22280.0,22296.0,22278.0,22294.0,1400
2024-07-30 13:03:00,22294.0,22324.0,22289.0,22290.0,888
2024-07-30 13:04:00,22292.0,22321.0,22285.0,22287.0,766
2024-07-30 13:05:00,22287.0,22398.0,22267.0,22271.0,1426
2024-07-30 13:06:00,22273.0,22357.0,22266.0,22267.0,712
2024-07-30 13:07:00,22266.0,22374.0,22266.0,22280.0,838
2024-07-30 13:08:00,22281.0,22302.0,22278.0,22282.0,362
2024-07-30 13:09:00,22282.0,22315.0,22278.0,22283.0,448
2024-07-30 13:10:00,22282.0,22360.0,22262.0,22288.0,974
2024-07-30 13:11:00,22261.0,22344.0,22239.0,22239.0,1774
2024-07-30 13:12:00,22239.0,22265.0,22226.0,22232.0,1156
2024-07-30 13:13:00,22230.0,22352.0,22221.0,22224.0,976
2024-07-30 13:14:00,22223.0,22397.0,22209.0,22209.0,1154
2024-07-30 13:15:00,22208.0,22229.0,22206.0,22211.0,764
2024-07-30 13:16:00,22211.0,22250.0,22209.0,22217.0,892
2024-07-30 13:17:00,22217.0,22257.0,22215.0,22223.0,828
2024-07-30 13:18:00,22225.0,22357.0,22220.0,22220.0,404
2024-07-30 13:19:00,22221.0,22417.0,22221.0,22237.0,630
2024-07-30 13:20:00,22235.0,22237.0,22224.0,22224.0,538
2024-07-30 13:21:00,22224.0,22344.0,22222.0,22344.0,846
2024-07-30 13:22:00,22248.0,22250.0,22233.0,22240.0,510
2024-07-30 13:23:00,22239.0,22270.0,22237.0,22240.0,358
2024-07-30 13:24:00,22238.0,22261.0,22238.0,22254.0,730
2024-07-30 13:25:00,22254.0,22278.0,22244.0,22247.0,868
2024-07-30 13:26:00,22246.0,22284.0,22246.0,22254.0,410
2024-07-30 13:27:00,22252.0,22278.0,22242.0,22246.0,486
2024-07-30 13:28:00,22244.0,22342.0,22244.0,22253.0,968
2024-07-30 13:29:00,22253.0,22270.0,22240.0,22240.0,532
2024-07-30 13:30:00,22240.0,22266.0,22229.0,22230.0,1058
2024-07-30 13:31:00,22231.0,22347.0,22214.0,22226.0,928
2024-07-30 13:32:00,22225.0,22227.0,22219.0,22220.0,330
2024-07-30 13:33:00,22220.0,22247.0,22217.0,22222.0,538
2024-07-30 13:34:00,22221.0,22229.0,22221.0,22227.0,484
2024-07-30 13:35:00,22225.0,22255.0,22219.0,22223.0,426
2024-07-30 13:36:00,22222.0,22251.0,22221.0,22222.0,208
2024-07-30 13:37:00,22222.0,22347.0,22218.0,22224.0,552
2024-07-30 13:38:00,22222.0,22233.0,22222.0,22228.0,678
2024-07-30 13:39:00,22229.0,22234.0,22225.0,22234.0,488
2024-07-30 13:40:00,22233.0,22285.0,22233.0,22262.0,964
2024-07-30 13:41:00,22262.0,22266.0,22255.0,22255.0,340
2024-07-30 13:42:00,22257.0,22289.0,22251.0,22262.0,742
2024-07-30 13:43:00,22262.0,22289.0,22259.0,22265.0,974
2024-07-30 13:44:00,22263.0,22447.0,22243.0,22246.0,2132
